orderID,freight,orderDate,requiredDate,shippedDate,shipName,shipCountry,shipRegion,shipCity,shipPostalCode,shipAddress
10248,32.38,1996-07-04 00:00:00.000,1996-08-01 00:00:00.000,1996-07-16 00:00:00.000,Vins et alcools Chevalier,France,NULL,Reims,51100,59 rue de l'Abbaye
10249,11.61,1996-07-05 00:00:00.000,1996-08-16 00:00:00.000,1996-07-10 00:00:00.000,Toms Spezialitäten,Germany,NULL,Münster,44087,Luisenstr. 48
10250,65.83,1996-07-08 00:00:00.000,1996-08-05 00:00:00.000,1996-07-12 00:00:00.000,Hanari Carnes,05454-876,Rio de Janeiro," 67",RJ,Rua do Paço
10251,41.34,1996-07-08 00:00:00.000,1996-08-05 00:00:00.000,1996-07-15 00:00:00.000,Victuailles en stock,69004,Lyon," rue du Commerce",NULL,2
10252,51.30,1996-07-09 00:00:00.000,1996-08-06 00:00:00.000,1996-07-11 00:00:00.000,Suprêmes délices,B-6000,Charleroi," 255",NULL,Boulevard Tirou
10253,58.17,1996-07-10 00:00:00.000,1996-07-24 00:00:00.000,1996-07-16 00:00:00.000,Hanari Carnes,05454-876,Rio de Janeiro," 67",RJ,Rua do Paço
10254,22.98,1996-07-11 00:00:00.000,1996-08-08 00:00:00.000,1996-07-23 00:00:00.000,Chop-suey Chinese,Switzerland,NULL,Bern,3012,Hauptstr. 31
10255,148.33,1996-07-12 00:00:00.000,1996-08-09 00:00:00.000,1996-07-15 00:00:00.000,Richter Supermarkt,Switzerland,NULL,Genève,1204,Starenweg 5
10256,13.97,1996-07-15 00:00:00.000,1996-08-12 00:00:00.000,1996-07-17 00:00:00.000,Wellington Importadora,08737-363,Resende," 12",SP,Rua do Mercado
10257,81.91,1996-07-16 00:00:00.000,1996-08-13 00:00:00.000,1996-07-22 00:00:00.000,HILARION-Abastos,Venezuela,Táchira,San Cristóbal,5022,Carrera 22 con Ave. Carlos Soublette #8-35
10258,140.51,1996-07-17 00:00:00.000,1996-08-14 00:00:00.000,1996-07-23 00:00:00.000,Ernst Handel,Austria,NULL,Graz,8010,Kirchgasse 6
10259,3.25,1996-07-18 00:00:00.000,1996-08-15 00:00:00.000,1996-07-25 00:00:00.000,Centro comercial Moctezuma,Mexico,NULL,México D.F.,05022,Sierras de Granada 9993
10260,55.09,1996-07-19 00:00:00.000,1996-08-16 00:00:00.000,1996-07-29 00:00:00.000,Ottilies Käseladen,Germany,NULL,Köln,50739,Mehrheimerstr. 369
10261,3.05,1996-07-19 00:00:00.000,1996-08-16 00:00:00.000,1996-07-30 00:00:00.000,Que Delícia,02389-673,Rio de Janeiro," 12",RJ,Rua da Panificadora
10262,48.29,1996-07-22 00:00:00.000,1996-08-19 00:00:00.000,1996-07-25 00:00:00.000,Rattlesnake Canyon Grocery,USA,NM,Albuquerque,87110,2817 Milton Dr.
10263,146.06,1996-07-23 00:00:00.000,1996-08-20 00:00:00.000,1996-07-31 00:00:00.000,Ernst Handel,Austria,NULL,Graz,8010,Kirchgasse 6
10264,3.67,1996-07-24 00:00:00.000,1996-08-21 00:00:00.000,1996-08-23 00:00:00.000,Folk och fä HB,Sweden,NULL,Bräcke,S-844 67,Åkergatan 24
10265,55.28,1996-07-25 00:00:00.000,1996-08-22 00:00:00.000,1996-08-12 00:00:00.000,Blondel père et fils,67000,Strasbourg," place Kléber",NULL,24
10266,25.73,1996-07-26 00:00:00.000,1996-09-06 00:00:00.000,1996-07-31 00:00:00.000,Wartian Herkku,Finland,NULL,Oulu,90110,Torikatu 38
10267,208.58,1996-07-29 00:00:00.000,1996-08-26 00:00:00.000,1996-08-06 00:00:00.000,Frankenversand,Germany,NULL,München,80805,Berliner Platz 43
10268,66.29,1996-07-30 00:00:00.000,1996-08-27 00:00:00.000,1996-08-02 00:00:00.000,GROSELLA-Restaurante,Venezuela,DF,Caracas,1081,5ª Ave. Los Palos Grandes
10269,4.56,1996-07-31 00:00:00.000,1996-08-14 00:00:00.000,1996-08-09 00:00:00.000,White Clover Markets,USA,WA,Seattle,98124,1029 - 12th Ave. S.
10270,136.54,1996-08-01 00:00:00.000,1996-08-29 00:00:00.000,1996-08-02 00:00:00.000,Wartian Herkku,Finland,NULL,Oulu,90110,Torikatu 38
10271,4.54,1996-08-01 00:00:00.000,1996-08-29 00:00:00.000,1996-08-30 00:00:00.000,Split Rail Beer & Ale,USA,WY,Lander,82520,P.O. Box 555
10272,98.03,1996-08-02 00:00:00.000,1996-08-30 00:00:00.000,1996-08-06 00:00:00.000,Rattlesnake Canyon Grocery,USA,NM,Albuquerque,87110,2817 Milton Dr.
10273,76.07,1996-08-05 00:00:00.000,1996-09-02 00:00:00.000,1996-08-12 00:00:00.000,QUICK-Stop,Germany,NULL,Cunewalde,01307,Taucherstraße 10
10274,6.01,1996-08-06 00:00:00.000,1996-09-03 00:00:00.000,1996-08-16 00:00:00.000,Vins et alcools Chevalier,France,NULL,Reims,51100,59 rue de l'Abbaye
10275,26.93,1996-08-07 00:00:00.000,1996-09-04 00:00:00.000,1996-08-09 00:00:00.000,Magazzini Alimentari Riuniti,Italy,NULL,Bergamo,24100,Via Ludovico il Moro 22
10276,13.84,1996-08-08 00:00:00.000,1996-08-22 00:00:00.000,1996-08-14 00:00:00.000,Tortuga Restaurante,Mexico,NULL,México D.F.,05033,Avda. Azteca 123
10277,125.77,1996-08-09 00:00:00.000,1996-09-06 00:00:00.000,1996-08-13 00:00:00.000,Morgenstern Gesundkost,Germany,NULL,Leipzig,04179,Heerstr. 22
10278,92.69,1996-08-12 00:00:00.000,1996-09-09 00:00:00.000,1996-08-16 00:00:00.000,Berglunds snabbköp,Sweden,NULL,Luleå,S-958 22,Berguvsvägen  8
10279,25.83,1996-08-13 00:00:00.000,1996-09-10 00:00:00.000,1996-08-16 00:00:00.000,Lehmanns Marktstand,Germany,NULL,Frankfurt a.M.,60528,Magazinweg 7
10280,8.98,1996-08-14 00:00:00.000,1996-09-11 00:00:00.000,1996-09-12 00:00:00.000,Berglunds snabbköp,Sweden,NULL,Luleå,S-958 22,Berguvsvägen  8
10281,2.94,1996-08-14 00:00:00.000,1996-08-28 00:00:00.000,1996-08-21 00:00:00.000,Romero y tomillo,28001,Madrid," 1",NULL,Gran Vía
10282,12.69,1996-08-15 00:00:00.000,1996-09-12 00:00:00.000,1996-08-21 00:00:00.000,Romero y tomillo,28001,Madrid," 1",NULL,Gran Vía
10283,84.81,1996-08-16 00:00:00.000,1996-09-13 00:00:00.000,1996-08-23 00:00:00.000,LILA-Supermercado,Venezuela,Lara,Barquisimeto,3508,Carrera 52 con Ave. Bolívar #65-98 Llano Largo
10284,76.56,1996-08-19 00:00:00.000,1996-09-16 00:00:00.000,1996-08-27 00:00:00.000,Lehmanns Marktstand,Germany,NULL,Frankfurt a.M.,60528,Magazinweg 7
10285,76.83,1996-08-20 00:00:00.000,1996-09-17 00:00:00.000,1996-08-26 00:00:00.000,QUICK-Stop,Germany,NULL,Cunewalde,01307,Taucherstraße 10
10286,229.24,1996-08-21 00:00:00.000,1996-09-18 00:00:00.000,1996-08-30 00:00:00.000,QUICK-Stop,Germany,NULL,Cunewalde,01307,Taucherstraße 10
10287,12.76,1996-08-22 00:00:00.000,1996-09-19 00:00:00.000,1996-08-28 00:00:00.000,Ricardo Adocicados,02389-890,Rio de Janeiro," 267",RJ,Av. Copacabana
10288,7.45,1996-08-23 00:00:00.000,1996-09-20 00:00:00.000,1996-09-03 00:00:00.000,Reggiani Caseifici,Italy,NULL,Reggio Emilia,42100,Strada Provinciale 124
10289,22.77,1996-08-26 00:00:00.000,1996-09-23 00:00:00.000,1996-08-28 00:00:00.000,B's Beverages,UK,NULL,London,EC2 5NT,Fauntleroy Circus
10290,79.70,1996-08-27 00:00:00.000,1996-09-24 00:00:00.000,1996-09-03 00:00:00.000,Comércio Mineiro,05432-043,Sao Paulo," 23",SP,Av. dos Lusíadas
10291,6.40,1996-08-27 00:00:00.000,1996-09-24 00:00:00.000,1996-09-04 00:00:00.000,Que Delícia,02389-673,Rio de Janeiro," 12",RJ,Rua da Panificadora
10292,1.35,1996-08-28 00:00:00.000,1996-09-25 00:00:00.000,1996-09-02 00:00:00.000,Tradiçao Hipermercados,05634-030,Sao Paulo," 414",SP,Av. Inês de Castro
10293,21.18,1996-08-29 00:00:00.000,1996-09-26 00:00:00.000,1996-09-11 00:00:00.000,Tortuga Restaurante,Mexico,NULL,México D.F.,05033,Avda. Azteca 123
10294,147.26,1996-08-30 00:00:00.000,1996-09-27 00:00:00.000,1996-09-05 00:00:00.000,Rattlesnake Canyon Grocery,USA,NM,Albuquerque,87110,2817 Milton Dr.
10295,1.15,1996-09-02 00:00:00.000,1996-09-30 00:00:00.000,1996-09-10 00:00:00.000,Vins et alcools Chevalier,France,NULL,Reims,51100,59 rue de l'Abbaye
10296,0.12,1996-09-03 00:00:00.000,1996-10-01 00:00:00.000,1996-09-11 00:00:00.000,LILA-Supermercado,Venezuela,Lara,Barquisimeto,3508,Carrera 52 con Ave. Bolívar #65-98 Llano Largo
10297,5.74,1996-09-04 00:00:00.000,1996-10-16 00:00:00.000,1996-09-10 00:00:00.000,Blondel père et fils,67000,Strasbourg," place Kléber",NULL,24
10298,168.22,1996-09-05 00:00:00.000,1996-10-03 00:00:00.000,1996-09-11 00:00:00.000,Hungry Owl All-Night Grocers,Ireland,Co. Cork,Cork,NULL,8 Johnstown Road
10299,29.76,1996-09-06 00:00:00.000,1996-10-04 00:00:00.000,1996-09-13 00:00:00.000,Ricardo Adocicados,02389-890,Rio de Janeiro," 267",RJ,Av. Copacabana
10300,17.68,1996-09-09 00:00:00.000,1996-10-07 00:00:00.000,1996-09-18 00:00:00.000,Magazzini Alimentari Riuniti,Italy,NULL,Bergamo,24100,Via Ludovico il Moro 22
10301,45.08,1996-09-09 00:00:00.000,1996-10-07 00:00:00.000,1996-09-17 00:00:00.000,Die Wandernde Kuh,Germany,NULL,Stuttgart,70563,Adenauerallee 900
10302,6.27,1996-09-10 00:00:00.000,1996-10-08 00:00:00.000,1996-10-09 00:00:00.000,Suprêmes délices,B-6000,Charleroi," 255",NULL,Boulevard Tirou
10303,107.83,1996-09-11 00:00:00.000,1996-10-09 00:00:00.000,1996-09-18 00:00:00.000,Godos Cocina Típica,41101,Sevilla," 33",NULL,C/ Romero
10304,63.79,1996-09-12 00:00:00.000,1996-10-10 00:00:00.000,1996-09-17 00:00:00.000,Tortuga Restaurante,Mexico,NULL,México D.F.,05033,Avda. Azteca 123
10305,257.62,1996-09-13 00:00:00.000,1996-10-11 00:00:00.000,1996-10-09 00:00:00.000,Old World Delicatessen,USA,AK,Anchorage,99508,2743 Bering St.
10306,7.56,1996-09-16 00:00:00.000,1996-10-14 00:00:00.000,1996-09-23 00:00:00.000,Romero y tomillo,28001,Madrid," 1",NULL,Gran Vía
10307,0.56,1996-09-17 00:00:00.000,1996-10-15 00:00:00.000,1996-09-25 00:00:00.000,Lonesome Pine Restaurant,USA,OR,Portland,97219,89 Chiaroscuro Rd.
10308,1.61,1996-09-18 00:00:00.000,1996-10-16 00:00:00.000,1996-09-24 00:00:00.000,Ana Trujillo Emparedados y helados,Mexico,NULL,México D.F.,05021,Avda. de la Constitución 2222
10309,47.30,1996-09-19 00:00:00.000,1996-10-17 00:00:00.000,1996-10-23 00:00:00.000,Hungry Owl All-Night Grocers,Ireland,Co. Cork,Cork,NULL,8 Johnstown Road
10310,17.52,1996-09-20 00:00:00.000,1996-10-18 00:00:00.000,1996-09-27 00:00:00.000,The Big Cheese,USA,OR,Portland,97201,89 Jefferson Way Suite 2
10311,24.69,1996-09-20 00:00:00.000,1996-10-04 00:00:00.000,1996-09-26 00:00:00.000,Du monde entier,44000,Nantes," rue des Cinquante Otages",NULL,67
10312,40.26,1996-09-23 00:00:00.000,1996-10-21 00:00:00.000,1996-10-03 00:00:00.000,Die Wandernde Kuh,Germany,NULL,Stuttgart,70563,Adenauerallee 900
10313,1.96,1996-09-24 00:00:00.000,1996-10-22 00:00:00.000,1996-10-04 00:00:00.000,QUICK-Stop,Germany,NULL,Cunewalde,01307,Taucherstraße 10
10314,74.16,1996-09-25 00:00:00.000,1996-10-23 00:00:00.000,1996-10-04 00:00:00.000,Rattlesnake Canyon Grocery,USA,NM,Albuquerque,87110,2817 Milton Dr.
10315,41.76,1996-09-26 00:00:00.000,1996-10-24 00:00:00.000,1996-10-03 00:00:00.000,Island Trading,UK,Isle of Wight,Cowes,PO31 7PJ,Garden House Crowther Way
10316,150.15,1996-09-27 00:00:00.000,1996-10-25 00:00:00.000,1996-10-08 00:00:00.000,Rattlesnake Canyon Grocery,USA,NM,Albuquerque,87110,2817 Milton Dr.
10317,12.69,1996-09-30 00:00:00.000,1996-10-28 00:00:00.000,1996-10-10 00:00:00.000,Lonesome Pine Restaurant,USA,OR,Portland,97219,89 Chiaroscuro Rd.
10318,4.73,1996-10-01 00:00:00.000,1996-10-29 00:00:00.000,1996-10-04 00:00:00.000,Island Trading,UK,Isle of Wight,Cowes,PO31 7PJ,Garden House Crowther Way
10319,64.50,1996-10-02 00:00:00.000,1996-10-30 00:00:00.000,1996-10-11 00:00:00.000,Tortuga Restaurante,Mexico,NULL,México D.F.,05033,Avda. Azteca 123
10320,34.57,1996-10-03 00:00:00.000,1996-10-17 00:00:00.000,1996-10-18 00:00:00.000,Wartian Herkku,Finland,NULL,Oulu,90110,Torikatu 38
10321,3.43,1996-10-03 00:00:00.000,1996-10-31 00:00:00.000,1996-10-11 00:00:00.000,Island Trading,UK,Isle of Wight,Cowes,PO31 7PJ,Garden House Crowther Way
10322,0.40,1996-10-04 00:00:00.000,1996-11-01 00:00:00.000,1996-10-23 00:00:00.000,Pericles Comidas clásicas,Mexico,NULL,México D.F.,05033,Calle Dr. Jorge Cash 321
10323,4.88,1996-10-07 00:00:00.000,1996-11-04 00:00:00.000,1996-10-14 00:00:00.000,Königlich Essen,Germany,NULL,Brandenburg,14776,Maubelstr. 90
10324,214.27,1996-10-08 00:00:00.000,1996-11-05 00:00:00.000,1996-10-10 00:00:00.000,Save-a-lot Markets,USA,ID,Boise,83720,187 Suffolk Ln.
10325,64.86,1996-10-09 00:00:00.000,1996-10-23 00:00:00.000,1996-10-14 00:00:00.000,Königlich Essen,Germany,NULL,Brandenburg,14776,Maubelstr. 90
10326,77.92,1996-10-10 00:00:00.000,1996-11-07 00:00:00.000,1996-10-14 00:00:00.000,Bólido Comidas preparadas,28023,Madrid," 67",NULL,C/ Araquil
10327,63.36,1996-10-11 00:00:00.000,1996-11-08 00:00:00.000,1996-10-14 00:00:00.000,Folk och fä HB,Sweden,NULL,Bräcke,S-844 67,Åkergatan 24
10328,87.03,1996-10-14 00:00:00.000,1996-11-11 00:00:00.000,1996-10-17 00:00:00.000,Furia Bacalhau e Frutos do Mar,Portugal,NULL,Lisboa,1675,Jardim das rosas n. 32
10329,191.67,1996-10-15 00:00:00.000,1996-11-26 00:00:00.000,1996-10-23 00:00:00.000,Split Rail Beer & Ale,USA,WY,Lander,82520,P.O. Box 555
10330,12.75,1996-10-16 00:00:00.000,1996-11-13 00:00:00.000,1996-10-28 00:00:00.000,LILA-Supermercado,Venezuela,Lara,Barquisimeto,3508,Carrera 52 con Ave. Bolívar #65-98 Llano Largo
10331,10.19,1996-10-16 00:00:00.000,1996-11-27 00:00:00.000,1996-10-21 00:00:00.000,Bon app',13008,Marseille," rue des Bouchers",NULL,12
10332,52.84,1996-10-17 00:00:00.000,1996-11-28 00:00:00.000,1996-10-21 00:00:00.000,Mère Paillarde,Canada,Québec,Montréal,H1J 1C3,43 rue St. Laurent
10333,0.59,1996-10-18 00:00:00.000,1996-11-15 00:00:00.000,1996-10-25 00:00:00.000,Wartian Herkku,Finland,NULL,Oulu,90110,Torikatu 38
10334,8.56,1996-10-21 00:00:00.000,1996-11-18 00:00:00.000,1996-10-28 00:00:00.000,Victuailles en stock,69004,Lyon," rue du Commerce",NULL,2
10335,42.11,1996-10-22 00:00:00.000,1996-11-19 00:00:00.000,1996-10-24 00:00:00.000,Hungry Owl All-Night Grocers,Ireland,Co. Cork,Cork,NULL,8 Johnstown Road
10336,15.51,1996-10-23 00:00:00.000,1996-11-20 00:00:00.000,1996-10-25 00:00:00.000,Princesa Isabel Vinhos,Portugal,NULL,Lisboa,1756,Estrada da saúde n. 58
10337,108.26,1996-10-24 00:00:00.000,1996-11-21 00:00:00.000,1996-10-29 00:00:00.000,Frankenversand,Germany,NULL,München,80805,Berliner Platz 43
10338,84.21,1996-10-25 00:00:00.000,1996-11-22 00:00:00.000,1996-10-29 00:00:00.000,Old World Delicatessen,USA,AK,Anchorage,99508,2743 Bering St.
10339,15.66,1996-10-28 00:00:00.000,1996-11-25 00:00:00.000,1996-11-04 00:00:00.000,Mère Paillarde,Canada,Québec,Montréal,H1J 1C3,43 rue St. Laurent
10340,166.31,1996-10-29 00:00:00.000,1996-11-26 00:00:00.000,1996-11-08 00:00:00.000,Bon app',13008,Marseille," rue des Bouchers",NULL,12
10341,26.78,1996-10-29 00:00:00.000,1996-11-26 00:00:00.000,1996-11-05 00:00:00.000,Simons bistro,Denmark,NULL,Kobenhavn,1734,Vinbæltet 34
10342,54.83,1996-10-30 00:00:00.000,1996-11-13 00:00:00.000,1996-11-04 00:00:00.000,Frankenversand,Germany,NULL,München,80805,Berliner Platz 43
10343,110.37,1996-10-31 00:00:00.000,1996-11-28 00:00:00.000,1996-11-06 00:00:00.000,Lehmanns Marktstand,Germany,NULL,Frankfurt a.M.,60528,Magazinweg 7
10344,23.29,1996-11-01 00:00:00.000,1996-11-29 00:00:00.000,1996-11-05 00:00:00.000,White Clover Markets,USA,WA,Seattle,98124,1029 - 12th Ave. S.
10345,249.06,1996-11-04 00:00:00.000,1996-12-02 00:00:00.000,1996-11-11 00:00:00.000,QUICK-Stop,Germany,NULL,Cunewalde,01307,Taucherstraße 10
10346,142.08,1996-11-05 00:00:00.000,1996-12-17 00:00:00.000,1996-11-08 00:00:00.000,Rattlesnake Canyon Grocery,USA,NM,Albuquerque,87110,2817 Milton Dr.
10347,3.10,1996-11-06 00:00:00.000,1996-12-04 00:00:00.000,1996-11-08 00:00:00.000,Familia Arquibaldo,05442-030,Sao Paulo," 92",SP,Rua Orós
10348,0.78,1996-11-07 00:00:00.000,1996-12-05 00:00:00.000,1996-11-15 00:00:00.000,Die Wandernde Kuh,Germany,NULL,Stuttgart,70563,Adenauerallee 900
10349,8.63,1996-11-08 00:00:00.000,1996-12-06 00:00:00.000,1996-11-15 00:00:00.000,Split Rail Beer & Ale,USA,WY,Lander,82520,P.O. Box 555
10350,64.19,1996-11-11 00:00:00.000,1996-12-09 00:00:00.000,1996-12-03 00:00:00.000,La maison d'Asie,France,NULL,Toulouse,31000,1 rue Alsace-Lorraine
10351,162.33,1996-11-11 00:00:00.000,1996-12-09 00:00:00.000,1996-11-20 00:00:00.000,Ernst Handel,Austria,NULL,Graz,8010,Kirchgasse 6
10352,1.30,1996-11-12 00:00:00.000,1996-11-26 00:00:00.000,1996-11-18 00:00:00.000,Furia Bacalhau e Frutos do Mar,Portugal,NULL,Lisboa,1675,Jardim das rosas n. 32
10353,360.63,1996-11-13 00:00:00.000,1996-12-11 00:00:00.000,1996-11-25 00:00:00.000,Piccolo und mehr,Austria,NULL,Salzburg,5020,Geislweg 14
10354,53.80,1996-11-14 00:00:00.000,1996-12-12 00:00:00.000,1996-11-20 00:00:00.000,Pericles Comidas clásicas,Mexico,NULL,México D.F.,05033,Calle Dr. Jorge Cash 321
10355,41.95,1996-11-15 00:00:00.000,1996-12-13 00:00:00.000,1996-11-20 00:00:00.000,Around the Horn,UK,Essex,Colchester,CO7 6JX,Brook Farm Stratford St. Mary
10356,36.71,1996-11-18 00:00:00.000,1996-12-16 00:00:00.000,1996-11-27 00:00:00.000,Die Wandernde Kuh,Germany,NULL,Stuttgart,70563,Adenauerallee 900
10357,34.88,1996-11-19 00:00:00.000,1996-12-17 00:00:00.000,1996-12-02 00:00:00.000,LILA-Supermercado,Venezuela,Lara,Barquisimeto,3508,Carrera 52 con Ave. Bolívar #65-98 Llano Largo
10358,19.64,1996-11-20 00:00:00.000,1996-12-18 00:00:00.000,1996-11-27 00:00:00.000,La maison d'Asie,France,NULL,Toulouse,31000,1 rue Alsace-Lorraine
10359,288.43,1996-11-21 00:00:00.000,1996-12-19 00:00:00.000,1996-11-26 00:00:00.000,Seven Seas Imports,UK,NULL,London,OX15 4NB,90 Wadhurst Rd.
10360,131.70,1996-11-22 00:00:00.000,1996-12-20 00:00:00.000,1996-12-02 00:00:00.000,Blondel père et fils,67000,Strasbourg," place Kléber",NULL,24
10361,183.17,1996-11-22 00:00:00.000,1996-12-20 00:00:00.000,1996-12-03 00:00:00.000,QUICK-Stop,Germany,NULL,Cunewalde,01307,Taucherstraße 10
10362,96.04,1996-11-25 00:00:00.000,1996-12-23 00:00:00.000,1996-11-28 00:00:00.000,Bon app',13008,Marseille," rue des Bouchers",NULL,12
10363,30.54,1996-11-26 00:00:00.000,1996-12-24 00:00:00.000,1996-12-04 00:00:00.000,Drachenblut Delikatessen,Germany,NULL,Aachen,52066,Walserweg 21
10364,71.97,1996-11-26 00:00:00.000,1997-01-07 00:00:00.000,1996-12-04 00:00:00.000,Eastern Connection,UK,NULL,London,WX3 6FW,35 King George
10365,22.00,1996-11-27 00:00:00.000,1996-12-25 00:00:00.000,1996-12-02 00:00:00.000,Antonio Moreno Taquería,Mexico,NULL,México D.F.,05023,Mataderos  2312
10366,10.14,1996-11-28 00:00:00.000,1997-01-09 00:00:00.000,1996-12-30 00:00:00.000,Galería del gastronómo,8022,Barcelona," 23",NULL,Rambla de Cataluña
10367,13.55,1996-11-28 00:00:00.000,1996-12-26 00:00:00.000,1996-12-02 00:00:00.000,Vaffeljernet,Denmark,NULL,Århus,8200,Smagsloget 45
10368,101.95,1996-11-29 00:00:00.000,1996-12-27 00:00:00.000,1996-12-02 00:00:00.000,Ernst Handel,Austria,NULL,Graz,8010,Kirchgasse 6
10369,195.68,1996-12-02 00:00:00.000,1996-12-30 00:00:00.000,1996-12-09 00:00:00.000,Split Rail Beer & Ale,USA,WY,Lander,82520,P.O. Box 555
10370,1.17,1996-12-03 00:00:00.000,1996-12-31 00:00:00.000,1996-12-27 00:00:00.000,Chop-suey Chinese,Switzerland,NULL,Bern,3012,Hauptstr. 31
10371,0.45,1996-12-03 00:00:00.000,1996-12-31 00:00:00.000,1996-12-24 00:00:00.000,La maison d'Asie,France,NULL,Toulouse,31000,1 rue Alsace-Lorraine
10372,890.78,1996-12-04 00:00:00.000,1997-01-01 00:00:00.000,1996-12-09 00:00:00.000,Queen Cozinha,05487-020,Sao Paulo," 891",SP,Alameda dos Canàrios
10373,124.12,1996-12-05 00:00:00.000,1997-01-02 00:00:00.000,1996-12-11 00:00:00.000,Hungry Owl All-Night Grocers,Ireland,Co. Cork,Cork,NULL,8 Johnstown Road
10374,3.94,1996-12-05 00:00:00.000,1997-01-02 00:00:00.000,1996-12-09 00:00:00.000,Wolski Zajazd,Poland,NULL,Warszawa,01-012,ul. Filtrowa 68
10375,20.12,1996-12-06 00:00:00.000,1997-01-03 00:00:00.000,1996-12-09 00:00:00.000,Hungry Coyote Import Store,USA,OR,Elgin,97827,City Center Plaza 516 Main St.
10376,20.39,1996-12-09 00:00:00.000,1997-01-06 00:00:00.000,1996-12-13 00:00:00.000,Mère Paillarde,Canada,Québec,Montréal,H1J 1C3,43 rue St. Laurent
10377,22.21,1996-12-09 00:00:00.000,1997-01-06 00:00:00.000,1996-12-13 00:00:00.000,Seven Seas Imports,UK,NULL,London,OX15 4NB,90 Wadhurst Rd.
10378,5.44,1996-12-10 00:00:00.000,1997-01-07 00:00:00.000,1996-12-19 00:00:00.000,Folk och fä HB,Sweden,NULL,Bräcke,S-844 67,Åkergatan 24
10379,45.03,1996-12-11 00:00:00.000,1997-01-08 00:00:00.000,1996-12-13 00:00:00.000,Que Delícia,02389-673,Rio de Janeiro," 12",RJ,Rua da Panificadora
10380,35.03,1996-12-12 00:00:00.000,1997-01-09 00:00:00.000,1997-01-16 00:00:00.000,Hungry Owl All-Night Grocers,Ireland,Co. Cork,Cork,NULL,8 Johnstown Road
10381,7.99,1996-12-12 00:00:00.000,1997-01-09 00:00:00.000,1996-12-13 00:00:00.000,LILA-Supermercado,Venezuela,Lara,Barquisimeto,3508,Carrera 52 con Ave. Bolívar #65-98 Llano Largo
10382,94.77,1996-12-13 00:00:00.000,1997-01-10 00:00:00.000,1996-12-16 00:00:00.000,Ernst Handel,Austria,NULL,Graz,8010,Kirchgasse 6
10383,34.24,1996-12-16 00:00:00.000,1997-01-13 00:00:00.000,1996-12-18 00:00:00.000,Around the Horn,UK,Essex,Colchester,CO7 6JX,Brook Farm Stratford St. Mary
10384,168.64,1996-12-16 00:00:00.000,1997-01-13 00:00:00.000,1996-12-20 00:00:00.000,Berglunds snabbköp,Sweden,NULL,Luleå,S-958 22,Berguvsvägen  8
10385,30.96,1996-12-17 00:00:00.000,1997-01-14 00:00:00.000,1996-12-23 00:00:00.000,Split Rail Beer & Ale,USA,WY,Lander,82520,P.O. Box 555
10386,13.99,1996-12-18 00:00:00.000,1997-01-01 00:00:00.000,1996-12-25 00:00:00.000,Familia Arquibaldo,05442-030,Sao Paulo," 92",SP,Rua Orós
10387,93.63,1996-12-18 00:00:00.000,1997-01-15 00:00:00.000,1996-12-20 00:00:00.000,Santé Gourmet,Norway,NULL,Stavern,4110,Erling Skakkes gate 78
10388,34.86,1996-12-19 00:00:00.000,1997-01-16 00:00:00.000,1996-12-20 00:00:00.000,Seven Seas Imports,UK,NULL,London,OX15 4NB,90 Wadhurst Rd.
10389,47.42,1996-12-20 00:00:00.000,1997-01-17 00:00:00.000,1996-12-24 00:00:00.000,Bottom-Dollar Markets,Canada,BC,Tsawassen,T2F 8M4,23 Tsawassen Blvd.
10390,126.38,1996-12-23 00:00:00.000,1997-01-20 00:00:00.000,1996-12-26 00:00:00.000,Ernst Handel,Austria,NULL,Graz,8010,Kirchgasse 6
10391,5.45,1996-12-23 00:00:00.000,1997-01-20 00:00:00.000,1996-12-31 00:00:00.000,Drachenblut Delikatessen,Germany,NULL,Aachen,52066,Walserweg 21
10392,122.46,1996-12-24 00:00:00.000,1997-01-21 00:00:00.000,1997-01-01 00:00:00.000,Piccolo und mehr,Austria,NULL,Salzburg,5020,Geislweg 14
10393,126.56,1996-12-25 00:00:00.000,1997-01-22 00:00:00.000,1997-01-03 00:00:00.000,Save-a-lot Markets,USA,ID,Boise,83720,187 Suffolk Ln.
10394,30.34,1996-12-25 00:00:00.000,1997-01-22 00:00:00.000,1997-01-03 00:00:00.000,Hungry Coyote Import Store,USA,OR,Elgin,97827,City Center Plaza 516 Main St.
10395,184.41,1996-12-26 00:00:00.000,1997-01-23 00:00:00.000,1997-01-03 00:00:00.000,HILARION-Abastos,Venezuela,Táchira,San Cristóbal,5022,Carrera 22 con Ave. Carlos Soublette #8-35
10396,135.35,1996-12-27 00:00:00.000,1997-01-10 00:00:00.000,1997-01-06 00:00:00.000,Frankenversand,Germany,NULL,München,80805,Berliner Platz 43
10397,60.26,1996-12-27 00:00:00.000,1997-01-24 00:00:00.000,1997-01-02 00:00:00.000,Princesa Isabel Vinhos,Portugal,NULL,Lisboa,1756,Estrada da saúde n. 58
10398,89.16,1996-12-30 00:00:00.000,1997-01-27 00:00:00.000,1997-01-09 00:00:00.000,Save-a-lot Markets,USA,ID,Boise,83720,187 Suffolk Ln.
10399,27.36,1996-12-31 00:00:00.000,1997-01-14 00:00:00.000,1997-01-08 00:00:00.000,Vaffeljernet,Denmark,NULL,Århus,8200,Smagsloget 45
10400,83.93,1997-01-01 00:00:00.000,1997-01-29 00:00:00.000,1997-01-16 00:00:00.000,Eastern Connection,UK,NULL,London,WX3 6FW,35 King George
10401,12.51,1997-01-01 00:00:00.000,1997-01-29 00:00:00.000,1997-01-10 00:00:00.000,Rattlesnake Canyon Grocery,USA,NM,Albuquerque,87110,2817 Milton Dr.
10402,67.88,1997-01-02 00:00:00.000,1997-02-13 00:00:00.000,1997-01-10 00:00:00.000,Ernst Handel,Austria,NULL,Graz,8010,Kirchgasse 6
10403,73.79,1997-01-03 00:00:00.000,1997-01-31 00:00:00.000,1997-01-09 00:00:00.000,Ernst Handel,Austria,NULL,Graz,8010,Kirchgasse 6
10404,155.97,1997-01-03 00:00:00.000,1997-01-31 00:00:00.000,1997-01-08 00:00:00.000,Magazzini Alimentari Riuniti,Italy,NULL,Bergamo,24100,Via Ludovico il Moro 22
10405,34.82,1997-01-06 00:00:00.000,1997-02-03 00:00:00.000,1997-01-22 00:00:00.000,LINO-Delicateses,Venezuela,Nueva Esparta,I. de Margarita,4980,Ave. 5 de Mayo Porlamar
10406,108.04,1997-01-07 00:00:00.000,1997-02-18 00:00:00.000,1997-01-13 00:00:00.000,Queen Cozinha,05487-020,Sao Paulo," 891",SP,Alameda dos Canàrios
10407,91.48,1997-01-07 00:00:00.000,1997-02-04 00:00:00.000,1997-01-30 00:00:00.000,Ottilies Käseladen,Germany,NULL,Köln,50739,Mehrheimerstr. 369
10408,11.26,1997-01-08 00:00:00.000,1997-02-05 00:00:00.000,1997-01-14 00:00:00.000,Folies gourmandes,59000,Lille," chaussée de Tournai",NULL,184
10409,29.83,1997-01-09 00:00:00.000,1997-02-06 00:00:00.000,1997-01-14 00:00:00.000,Océano Atlántico Ltda.,Argentina,NULL,Buenos Aires,1010,Ing. Gustavo Moncada 8585 Piso 20-A
10410,2.40,1997-01-10 00:00:00.000,1997-02-07 00:00:00.000,1997-01-15 00:00:00.000,Bottom-Dollar Markets,Canada,BC,Tsawassen,T2F 8M4,23 Tsawassen Blvd.
10411,23.65,1997-01-10 00:00:00.000,1997-02-07 00:00:00.000,1997-01-21 00:00:00.000,Bottom-Dollar Markets,Canada,BC,Tsawassen,T2F 8M4,23 Tsawassen Blvd.
10412,3.77,1997-01-13 00:00:00.000,1997-02-10 00:00:00.000,1997-01-15 00:00:00.000,Wartian Herkku,Finland,NULL,Oulu,90110,Torikatu 38
10413,95.66,1997-01-14 00:00:00.000,1997-02-11 00:00:00.000,1997-01-16 00:00:00.000,La maison d'Asie,France,NULL,Toulouse,31000,1 rue Alsace-Lorraine
10414,21.48,1997-01-14 00:00:00.000,1997-02-11 00:00:00.000,1997-01-17 00:00:00.000,Familia Arquibaldo,05442-030,Sao Paulo," 92",SP,Rua Orós
10415,0.20,1997-01-15 00:00:00.000,1997-02-12 00:00:00.000,1997-01-24 00:00:00.000,Hungry Coyote Import Store,USA,OR,Elgin,97827,City Center Plaza 516 Main St.
10416,22.72,1997-01-16 00:00:00.000,1997-02-13 00:00:00.000,1997-01-27 00:00:00.000,Wartian Herkku,Finland,NULL,Oulu,90110,Torikatu 38
10417,70.29,1997-01-16 00:00:00.000,1997-02-13 00:00:00.000,1997-01-28 00:00:00.000,Simons bistro,Denmark,NULL,Kobenhavn,1734,Vinbæltet 34
10418,17.55,1997-01-17 00:00:00.000,1997-02-14 00:00:00.000,1997-01-24 00:00:00.000,QUICK-Stop,Germany,NULL,Cunewalde,01307,Taucherstraße 10
10419,137.35,1997-01-20 00:00:00.000,1997-02-17 00:00:00.000,1997-01-30 00:00:00.000,Richter Supermarkt,Switzerland,NULL,Genève,1204,Starenweg 5
10420,44.12,1997-01-21 00:00:00.000,1997-02-18 00:00:00.000,1997-01-27 00:00:00.000,Wellington Importadora,08737-363,Resende," 12",SP,Rua do Mercado
10421,99.23,1997-01-21 00:00:00.000,1997-03-04 00:00:00.000,1997-01-27 00:00:00.000,Que Delícia,02389-673,Rio de Janeiro," 12",RJ,Rua da Panificadora
10422,3.02,1997-01-22 00:00:00.000,1997-02-19 00:00:00.000,1997-01-31 00:00:00.000,Franchi S.p.A.,Italy,NULL,Torino,10100,Via Monte Bianco 34
10423,24.50,1997-01-23 00:00:00.000,1997-02-06 00:00:00.000,1997-02-24 00:00:00.000,Gourmet Lanchonetes,04876-786,Campinas," 442",SP,Av. Brasil
10424,370.61,1997-01-23 00:00:00.000,1997-02-20 00:00:00.000,1997-01-27 00:00:00.000,Mère Paillarde,Canada,Québec,Montréal,H1J 1C3,43 rue St. Laurent
10425,7.93,1997-01-24 00:00:00.000,1997-02-21 00:00:00.000,1997-02-14 00:00:00.000,La maison d'Asie,France,NULL,Toulouse,31000,1 rue Alsace-Lorraine
10426,18.69,1997-01-27 00:00:00.000,1997-02-24 00:00:00.000,1997-02-06 00:00:00.000,Galería del gastronómo,8022,Barcelona," 23",NULL,Rambla de Cataluña
10427,31.29,1997-01-27 00:00:00.000,1997-02-24 00:00:00.000,1997-03-03 00:00:00.000,Piccolo und mehr,Austria,NULL,Salzburg,5020,Geislweg 14
10428,11.09,1997-01-28 00:00:00.000,1997-02-25 00:00:00.000,1997-02-04 00:00:00.000,Reggiani Caseifici,Italy,NULL,Reggio Emilia,42100,Strada Provinciale 124
10429,56.63,1997-01-29 00:00:00.000,1997-03-12 00:00:00.000,1997-02-07 00:00:00.000,Hungry Owl All-Night Grocers,Ireland,Co. Cork,Cork,NULL,8 Johnstown Road
10430,458.78,1997-01-30 00:00:00.000,1997-02-13 00:00:00.000,1997-02-03 00:00:00.000,Ernst Handel,Austria,NULL,Graz,8010,Kirchgasse 6
10431,44.17,1997-01-30 00:00:00.000,1997-02-13 00:00:00.000,1997-02-07 00:00:00.000,Bottom-Dollar Markets,Canada,BC,Tsawassen,T2F 8M4,23 Tsawassen Blvd.
10432,4.34,1997-01-31 00:00:00.000,1997-02-14 00:00:00.000,1997-02-07 00:00:00.000,Split Rail Beer & Ale,USA,WY,Lander,82520,P.O. Box 555
10433,73.83,1997-02-03 00:00:00.000,1997-03-03 00:00:00.000,1997-03-04 00:00:00.000,Princesa Isabel Vinhos,Portugal,NULL,Lisboa,1756,Estrada da saúde n. 58
10434,17.92,1997-02-03 00:00:00.000,1997-03-03 00:00:00.000,1997-02-13 00:00:00.000,Folk och fä HB,Sweden,NULL,Bräcke,S-844 67,Åkergatan 24
10435,9.21,1997-02-04 00:00:00.000,1997-03-18 00:00:00.000,1997-02-07 00:00:00.000,Consolidated Holdings,UK,NULL,London,WX1 6LT,Berkeley Gardens 12  Brewery
10436,156.66,1997-02-05 00:00:00.000,1997-03-05 00:00:00.000,1997-02-11 00:00:00.000,Blondel père et fils,67000,Strasbourg," place Kléber",NULL,24
10437,19.97,1997-02-05 00:00:00.000,1997-03-05 00:00:00.000,1997-02-12 00:00:00.000,Wartian Herkku,Finland,NULL,Oulu,90110,Torikatu 38
10438,8.24,1997-02-06 00:00:00.000,1997-03-06 00:00:00.000,1997-02-14 00:00:00.000,Toms Spezialitäten,Germany,NULL,Münster,44087,Luisenstr. 48
10439,4.07,1997-02-07 00:00:00.000,1997-03-07 00:00:00.000,1997-02-10 00:00:00.000,Mère Paillarde,Canada,Québec,Montréal,H1J 1C3,43 rue St. Laurent
10440,86.53,1997-02-10 00:00:00.000,1997-03-10 00:00:00.000,1997-02-28 00:00:00.000,Save-a-lot Markets,USA,ID,Boise,83720,187 Suffolk Ln.
10441,73.02,1997-02-10 00:00:00.000,1997-03-24 00:00:00.000,1997-03-14 00:00:00.000,Old World Delicatessen,USA,AK,Anchorage,99508,2743 Bering St.
10442,47.94,1997-02-11 00:00:00.000,1997-03-11 00:00:00.000,1997-02-18 00:00:00.000,Ernst Handel,Austria,NULL,Graz,8010,Kirchgasse 6
10443,13.95,1997-02-12 00:00:00.000,1997-03-12 00:00:00.000,1997-02-14 00:00:00.000,Reggiani Caseifici,Italy,NULL,Reggio Emilia,42100,Strada Provinciale 124
10444,3.50,1997-02-12 00:00:00.000,1997-03-12 00:00:00.000,1997-02-21 00:00:00.000,Berglunds snabbköp,Sweden,NULL,Luleå,S-958 22,Berguvsvägen  8
10445,9.30,1997-02-13 00:00:00.000,1997-03-13 00:00:00.000,1997-02-20 00:00:00.000,Berglunds snabbköp,Sweden,NULL,Luleå,S-958 22,Berguvsvägen  8
10446,14.68,1997-02-14 00:00:00.000,1997-03-14 00:00:00.000,1997-02-19 00:00:00.000,Toms Spezialitäten,Germany,NULL,Münster,44087,Luisenstr. 48
10447,68.66,1997-02-14 00:00:00.000,1997-03-14 00:00:00.000,1997-03-07 00:00:00.000,Ricardo Adocicados,02389-890,Rio de Janeiro," 267",RJ,Av. Copacabana
10448,38.82,1997-02-17 00:00:00.000,1997-03-17 00:00:00.000,1997-02-24 00:00:00.000,Rancho grande,Argentina,NULL,Buenos Aires,1010,Av. del Libertador 900
10449,53.30,1997-02-18 00:00:00.000,1997-03-18 00:00:00.000,1997-02-27 00:00:00.000,Blondel père et fils,67000,Strasbourg," place Kléber",NULL,24
10450,7.23,1997-02-19 00:00:00.000,1997-03-19 00:00:00.000,1997-03-11 00:00:00.000,Victuailles en stock,69004,Lyon," rue du Commerce",NULL,2
10451,189.09,1997-02-19 00:00:00.000,1997-03-05 00:00:00.000,1997-03-12 00:00:00.000,QUICK-Stop,Germany,NULL,Cunewalde,01307,Taucherstraße 10
10452,140.26,1997-02-20 00:00:00.000,1997-03-20 00:00:00.000,1997-02-26 00:00:00.000,Save-a-lot Markets,USA,ID,Boise,83720,187 Suffolk Ln.
10453,25.36,1997-02-21 00:00:00.000,1997-03-21 00:00:00.000,1997-02-26 00:00:00.000,Around the Horn,UK,Essex,Colchester,CO7 6JX,Brook Farm Stratford St. Mary
10454,2.74,1997-02-21 00:00:00.000,1997-03-21 00:00:00.000,1997-02-25 00:00:00.000,La maison d'Asie,France,NULL,Toulouse,31000,1 rue Alsace-Lorraine
10455,180.45,1997-02-24 00:00:00.000,1997-04-07 00:00:00.000,1997-03-03 00:00:00.000,Wartian Herkku,Finland,NULL,Oulu,90110,Torikatu 38
10456,8.12,1997-02-25 00:00:00.000,1997-04-08 00:00:00.000,1997-02-28 00:00:00.000,Königlich Essen,Germany,NULL,Brandenburg,14776,Maubelstr. 90
10457,11.57,1997-02-25 00:00:00.000,1997-03-25 00:00:00.000,1997-03-03 00:00:00.000,Königlich Essen,Germany,NULL,Brandenburg,14776,Maubelstr. 90
10458,147.06,1997-02-26 00:00:00.000,1997-03-26 00:00:00.000,1997-03-04 00:00:00.000,Suprêmes délices,B-6000,Charleroi," 255",NULL,Boulevard Tirou
10459,25.09,1997-02-27 00:00:00.000,1997-03-27 00:00:00.000,1997-02-28 00:00:00.000,Victuailles en stock,69004,Lyon," rue du Commerce",NULL,2
10460,16.27,1997-02-28 00:00:00.000,1997-03-28 00:00:00.000,1997-03-03 00:00:00.000,Folk och fä HB,Sweden,NULL,Bräcke,S-844 67,Åkergatan 24
10461,148.61,1997-02-28 00:00:00.000,1997-03-28 00:00:00.000,1997-03-05 00:00:00.000,LILA-Supermercado,Venezuela,Lara,Barquisimeto,3508,Carrera 52 con Ave. Bolívar #65-98 Llano Largo
10462,6.17,1997-03-03 00:00:00.000,1997-03-31 00:00:00.000,1997-03-18 00:00:00.000,Consolidated Holdings,UK,NULL,London,WX1 6LT,Berkeley Gardens 12  Brewery
10463,14.78,1997-03-04 00:00:00.000,1997-04-01 00:00:00.000,1997-03-06 00:00:00.000,Suprêmes délices,B-6000,Charleroi," 255",NULL,Boulevard Tirou
10464,89.00,1997-03-04 00:00:00.000,1997-04-01 00:00:00.000,1997-03-14 00:00:00.000,Furia Bacalhau e Frutos do Mar,Portugal,NULL,Lisboa,1675,Jardim das rosas n. 32
10465,145.04,1997-03-05 00:00:00.000,1997-04-02 00:00:00.000,1997-03-14 00:00:00.000,Vaffeljernet,Denmark,NULL,Århus,8200,Smagsloget 45
10466,11.93,1997-03-06 00:00:00.000,1997-04-03 00:00:00.000,1997-03-13 00:00:00.000,Comércio Mineiro,05432-043,Sao Paulo," 23",SP,Av. dos Lusíadas
10467,4.93,1997-03-06 00:00:00.000,1997-04-03 00:00:00.000,1997-03-11 00:00:00.000,Magazzini Alimentari Riuniti,Italy,NULL,Bergamo,24100,Via Ludovico il Moro 22
10468,44.12,1997-03-07 00:00:00.000,1997-04-04 00:00:00.000,1997-03-12 00:00:00.000,Königlich Essen,Germany,NULL,Brandenburg,14776,Maubelstr. 90
10469,60.18,1997-03-10 00:00:00.000,1997-04-07 00:00:00.000,1997-03-14 00:00:00.000,White Clover Markets,USA,WA,Seattle,98124,1029 - 12th Ave. S.
10470,64.56,1997-03-11 00:00:00.000,1997-04-08 00:00:00.000,1997-03-14 00:00:00.000,Bon app',13008,Marseille," rue des Bouchers",NULL,12
10471,45.59,1997-03-11 00:00:00.000,1997-04-08 00:00:00.000,1997-03-18 00:00:00.000,B's Beverages,UK,NULL,London,EC2 5NT,Fauntleroy Circus
10472,4.20,1997-03-12 00:00:00.000,1997-04-09 00:00:00.000,1997-03-19 00:00:00.000,Seven Seas Imports,UK,NULL,London,OX15 4NB,90 Wadhurst Rd.
10473,16.37,1997-03-13 00:00:00.000,1997-03-27 00:00:00.000,1997-03-21 00:00:00.000,Island Trading,UK,Isle of Wight,Cowes,PO31 7PJ,Garden House Crowther Way
10474,83.49,1997-03-13 00:00:00.000,1997-04-10 00:00:00.000,1997-03-21 00:00:00.000,Pericles Comidas clásicas,Mexico,NULL,México D.F.,05033,Calle Dr. Jorge Cash 321
10475,68.52,1997-03-14 00:00:00.000,1997-04-11 00:00:00.000,1997-04-04 00:00:00.000,Suprêmes délices,B-6000,Charleroi," 255",NULL,Boulevard Tirou
10476,4.41,1997-03-17 00:00:00.000,1997-04-14 00:00:00.000,1997-03-24 00:00:00.000,HILARION-Abastos,Venezuela,Táchira,San Cristóbal,5022,Carrera 22 con Ave. Carlos Soublette #8-35
10477,13.02,1997-03-17 00:00:00.000,1997-04-14 00:00:00.000,1997-03-25 00:00:00.000,Princesa Isabel Vinhos,Portugal,NULL,Lisboa,1756,Estrada da saúde n. 58
10478,4.81,1997-03-18 00:00:00.000,1997-04-01 00:00:00.000,1997-03-26 00:00:00.000,Victuailles en stock,69004,Lyon," rue du Commerce",NULL,2
10479,708.95,1997-03-19 00:00:00.000,1997-04-16 00:00:00.000,1997-03-21 00:00:00.000,Rattlesnake Canyon Grocery,USA,NM,Albuquerque,87110,2817 Milton Dr.
10480,1.35,1997-03-20 00:00:00.000,1997-04-17 00:00:00.000,1997-03-24 00:00:00.000,Folies gourmandes,59000,Lille," chaussée de Tournai",NULL,184
10481,64.33,1997-03-20 00:00:00.000,1997-04-17 00:00:00.000,1997-03-25 00:00:00.000,Ricardo Adocicados,02389-890,Rio de Janeiro," 267",RJ,Av. Copacabana
10482,7.48,1997-03-21 00:00:00.000,1997-04-18 00:00:00.000,1997-04-10 00:00:00.000,Lazy K Kountry Store,USA,WA,Walla Walla,99362,12 Orchestra Terrace
10483,15.28,1997-03-24 00:00:00.000,1997-04-21 00:00:00.000,1997-04-25 00:00:00.000,White Clover Markets,USA,WA,Seattle,98124,1029 - 12th Ave. S.
10484,6.88,1997-03-24 00:00:00.000,1997-04-21 00:00:00.000,1997-04-01 00:00:00.000,B's Beverages,UK,NULL,London,EC2 5NT,Fauntleroy Circus
10485,64.45,1997-03-25 00:00:00.000,1997-04-08 00:00:00.000,1997-03-31 00:00:00.000,LINO-Delicateses,Venezuela,Nueva Esparta,I. de Margarita,4980,Ave. 5 de Mayo Porlamar
10486,30.53,1997-03-26 00:00:00.000,1997-04-23 00:00:00.000,1997-04-02 00:00:00.000,HILARION-Abastos,Venezuela,Táchira,San Cristóbal,5022,Carrera 22 con Ave. Carlos Soublette #8-35
10487,71.07,1997-03-26 00:00:00.000,1997-04-23 00:00:00.000,1997-03-28 00:00:00.000,Queen Cozinha,05487-020,Sao Paulo," 891",SP,Alameda dos Canàrios
10488,4.93,1997-03-27 00:00:00.000,1997-04-24 00:00:00.000,1997-04-02 00:00:00.000,Frankenversand,Germany,NULL,München,80805,Berliner Platz 43
10489,5.29,1997-03-28 00:00:00.000,1997-04-25 00:00:00.000,1997-04-09 00:00:00.000,Piccolo und mehr,Austria,NULL,Salzburg,5020,Geislweg 14
10490,210.19,1997-03-31 00:00:00.000,1997-04-28 00:00:00.000,1997-04-03 00:00:00.000,HILARION-Abastos,Venezuela,Táchira,San Cristóbal,5022,Carrera 22 con Ave. Carlos Soublette #8-35
10491,16.96,1997-03-31 00:00:00.000,1997-04-28 00:00:00.000,1997-04-08 00:00:00.000,Furia Bacalhau e Frutos do Mar,Portugal,NULL,Lisboa,1675,Jardim das rosas n. 32
10492,62.89,1997-04-01 00:00:00.000,1997-04-29 00:00:00.000,1997-04-11 00:00:00.000,Bottom-Dollar Markets,Canada,BC,Tsawassen,T2F 8M4,23 Tsawassen Blvd.
10493,10.64,1997-04-02 00:00:00.000,1997-04-30 00:00:00.000,1997-04-10 00:00:00.000,La maison d'Asie,France,NULL,Toulouse,31000,1 rue Alsace-Lorraine
10494,65.99,1997-04-02 00:00:00.000,1997-04-30 00:00:00.000,1997-04-09 00:00:00.000,Comércio Mineiro,05432-043,Sao Paulo," 23",SP,Av. dos Lusíadas
10495,4.65,1997-04-03 00:00:00.000,1997-05-01 00:00:00.000,1997-04-11 00:00:00.000,Laughing Bacchus Wine Cellars,Canada,BC,Vancouver,V3F 2K1,2319 Elm St.
10496,46.77,1997-04-04 00:00:00.000,1997-05-02 00:00:00.000,1997-04-07 00:00:00.000,Tradiçao Hipermercados,05634-030,Sao Paulo," 414",SP,Av. Inês de Castro
10497,36.21,1997-04-04 00:00:00.000,1997-05-02 00:00:00.000,1997-04-07 00:00:00.000,Lehmanns Marktstand,Germany,NULL,Frankfurt a.M.,60528,Magazinweg 7
10498,29.75,1997-04-07 00:00:00.000,1997-05-05 00:00:00.000,1997-04-11 00:00:00.000,HILARION-Abastos,Venezuela,Táchira,San Cristóbal,5022,Carrera 22 con Ave. Carlos Soublette #8-35
10499,102.02,1997-04-08 00:00:00.000,1997-05-06 00:00:00.000,1997-04-16 00:00:00.000,LILA-Supermercado,Venezuela,Lara,Barquisimeto,3508,Carrera 52 con Ave. Bolívar #65-98 Llano Largo
10500,42.68,1997-04-09 00:00:00.000,1997-05-07 00:00:00.000,1997-04-17 00:00:00.000,La maison d'Asie,France,NULL,Toulouse,31000,1 rue Alsace-Lorraine
10501,8.85,1997-04-09 00:00:00.000,1997-05-07 00:00:00.000,1997-04-16 00:00:00.000,Blauer See Delikatessen,Germany,NULL,Mannheim,68306,Forsterstr. 57
10502,69.32,1997-04-10 00:00:00.000,1997-05-08 00:00:00.000,1997-04-29 00:00:00.000,Pericles Comidas clásicas,Mexico,NULL,México D.F.,05033,Calle Dr. Jorge Cash 321
10503,16.74,1997-04-11 00:00:00.000,1997-05-09 00:00:00.000,1997-04-16 00:00:00.000,Hungry Owl All-Night Grocers,Ireland,Co. Cork,Cork,NULL,8 Johnstown Road
10504,59.13,1997-04-11 00:00:00.000,1997-05-09 00:00:00.000,1997-04-18 00:00:00.000,White Clover Markets,USA,WA,Seattle,98124,1029 - 12th Ave. S.
10505,7.13,1997-04-14 00:00:00.000,1997-05-12 00:00:00.000,1997-04-21 00:00:00.000,Mère Paillarde,Canada,Québec,Montréal,H1J 1C3,43 rue St. Laurent
10506,21.19,1997-04-15 00:00:00.000,1997-05-13 00:00:00.000,1997-05-02 00:00:00.000,Königlich Essen,Germany,NULL,Brandenburg,14776,Maubelstr. 90
10507,47.45,1997-04-15 00:00:00.000,1997-05-13 00:00:00.000,1997-04-22 00:00:00.000,Antonio Moreno Taquería,Mexico,NULL,México D.F.,05023,Mataderos  2312
10508,4.99,1997-04-16 00:00:00.000,1997-05-14 00:00:00.000,1997-05-13 00:00:00.000,Ottilies Käseladen,Germany,NULL,Köln,50739,Mehrheimerstr. 369
10509,0.15,1997-04-17 00:00:00.000,1997-05-15 00:00:00.000,1997-04-29 00:00:00.000,Blauer See Delikatessen,Germany,NULL,Mannheim,68306,Forsterstr. 57
10510,367.63,1997-04-18 00:00:00.000,1997-05-16 00:00:00.000,1997-04-28 00:00:00.000,Save-a-lot Markets,USA,ID,Boise,83720,187 Suffolk Ln.
10511,350.64,1997-04-18 00:00:00.000,1997-05-16 00:00:00.000,1997-04-21 00:00:00.000,Bon app',13008,Marseille," rue des Bouchers",NULL,12
10512,3.53,1997-04-21 00:00:00.000,1997-05-19 00:00:00.000,1997-04-24 00:00:00.000,Familia Arquibaldo,05442-030,Sao Paulo," 92",SP,Rua Orós
10513,105.65,1997-04-22 00:00:00.000,1997-06-03 00:00:00.000,1997-04-28 00:00:00.000,Die Wandernde Kuh,Germany,NULL,Stuttgart,70563,Adenauerallee 900
10514,789.95,1997-04-22 00:00:00.000,1997-05-20 00:00:00.000,1997-05-16 00:00:00.000,Ernst Handel,Austria,NULL,Graz,8010,Kirchgasse 6
10515,204.47,1997-04-23 00:00:00.000,1997-05-07 00:00:00.000,1997-05-23 00:00:00.000,QUICK-Stop,Germany,NULL,Cunewalde,01307,Taucherstraße 10
10516,62.78,1997-04-24 00:00:00.000,1997-05-22 00:00:00.000,1997-05-01 00:00:00.000,Hungry Owl All-Night Grocers,Ireland,Co. Cork,Cork,NULL,8 Johnstown Road
10517,32.07,1997-04-24 00:00:00.000,1997-05-22 00:00:00.000,1997-04-29 00:00:00.000,North/South,UK,NULL,London,SW7 1RZ,South House 300 Queensbridge
10518,218.15,1997-04-25 00:00:00.000,1997-05-09 00:00:00.000,1997-05-05 00:00:00.000,Tortuga Restaurante,Mexico,NULL,México D.F.,05033,Avda. Azteca 123
10519,91.76,1997-04-28 00:00:00.000,1997-05-26 00:00:00.000,1997-05-01 00:00:00.000,Chop-suey Chinese,Switzerland,NULL,Bern,3012,Hauptstr. 31
10520,13.37,1997-04-29 00:00:00.000,1997-05-27 00:00:00.000,1997-05-01 00:00:00.000,Santé Gourmet,Norway,NULL,Stavern,4110,Erling Skakkes gate 78
10521,17.22,1997-04-29 00:00:00.000,1997-05-27 00:00:00.000,1997-05-02 00:00:00.000,Cactus Comidas para llevar,Argentina,NULL,Buenos Aires,1010,Cerrito 333
10522,45.33,1997-04-30 00:00:00.000,1997-05-28 00:00:00.000,1997-05-06 00:00:00.000,Lehmanns Marktstand,Germany,NULL,Frankfurt a.M.,60528,Magazinweg 7
10523,77.63,1997-05-01 00:00:00.000,1997-05-29 00:00:00.000,1997-05-30 00:00:00.000,Seven Seas Imports,UK,NULL,London,OX15 4NB,90 Wadhurst Rd.
10524,244.79,1997-05-01 00:00:00.000,1997-05-29 00:00:00.000,1997-05-07 00:00:00.000,Berglunds snabbköp,Sweden,NULL,Luleå,S-958 22,Berguvsvägen  8
10525,11.06,1997-05-02 00:00:00.000,1997-05-30 00:00:00.000,1997-05-23 00:00:00.000,Bon app',13008,Marseille," rue des Bouchers",NULL,12
10526,58.59,1997-05-05 00:00:00.000,1997-06-02 00:00:00.000,1997-05-15 00:00:00.000,Wartian Herkku,Finland,NULL,Oulu,90110,Torikatu 38
10527,41.90,1997-05-05 00:00:00.000,1997-06-02 00:00:00.000,1997-05-07 00:00:00.000,QUICK-Stop,Germany,NULL,Cunewalde,01307,Taucherstraße 10
10528,3.35,1997-05-06 00:00:00.000,1997-05-20 00:00:00.000,1997-05-09 00:00:00.000,Great Lakes Food Market,USA,OR,Eugene,97403,2732 Baker Blvd.
10529,66.69,1997-05-07 00:00:00.000,1997-06-04 00:00:00.000,1997-05-09 00:00:00.000,Maison Dewey,Belgium,NULL,Bruxelles,B-1180,Rue Joseph-Bens 532
10530,339.22,1997-05-08 00:00:00.000,1997-06-05 00:00:00.000,1997-05-12 00:00:00.000,Piccolo und mehr,Austria,NULL,Salzburg,5020,Geislweg 14
10531,8.12,1997-05-08 00:00:00.000,1997-06-05 00:00:00.000,1997-05-19 00:00:00.000,Océano Atlántico Ltda.,Argentina,NULL,Buenos Aires,1010,Ing. Gustavo Moncada 8585 Piso 20-A
10532,74.46,1997-05-09 00:00:00.000,1997-06-06 00:00:00.000,1997-05-12 00:00:00.000,Eastern Connection,UK,NULL,London,WX3 6FW,35 King George
10533,188.04,1997-05-12 00:00:00.000,1997-06-09 00:00:00.000,1997-05-22 00:00:00.000,Folk och fä HB,Sweden,NULL,Bräcke,S-844 67,Åkergatan 24
10534,27.94,1997-05-12 00:00:00.000,1997-06-09 00:00:00.000,1997-05-14 00:00:00.000,Lehmanns Marktstand,Germany,NULL,Frankfurt a.M.,60528,Magazinweg 7
10535,15.64,1997-05-13 00:00:00.000,1997-06-10 00:00:00.000,1997-05-21 00:00:00.000,Antonio Moreno Taquería,Mexico,NULL,México D.F.,05023,Mataderos  2312
10536,58.88,1997-05-14 00:00:00.000,1997-06-11 00:00:00.000,1997-06-06 00:00:00.000,Lehmanns Marktstand,Germany,NULL,Frankfurt a.M.,60528,Magazinweg 7
10537,78.85,1997-05-14 00:00:00.000,1997-05-28 00:00:00.000,1997-05-19 00:00:00.000,Richter Supermarkt,Switzerland,NULL,Genève,1204,Starenweg 5
10538,4.87,1997-05-15 00:00:00.000,1997-06-12 00:00:00.000,1997-05-16 00:00:00.000,B's Beverages,UK,NULL,London,EC2 5NT,Fauntleroy Circus
10539,12.36,1997-05-16 00:00:00.000,1997-06-13 00:00:00.000,1997-05-23 00:00:00.000,B's Beverages,UK,NULL,London,EC2 5NT,Fauntleroy Circus
10540,1007.64,1997-05-19 00:00:00.000,1997-06-16 00:00:00.000,1997-06-13 00:00:00.000,QUICK-Stop,Germany,NULL,Cunewalde,01307,Taucherstraße 10
10541,68.65,1997-05-19 00:00:00.000,1997-06-16 00:00:00.000,1997-05-29 00:00:00.000,Hanari Carnes,05454-876,Rio de Janeiro," 67",RJ,Rua do Paço
10542,10.95,1997-05-20 00:00:00.000,1997-06-17 00:00:00.000,1997-05-26 00:00:00.000,Königlich Essen,Germany,NULL,Brandenburg,14776,Maubelstr. 90
10543,48.17,1997-05-21 00:00:00.000,1997-06-18 00:00:00.000,1997-05-23 00:00:00.000,LILA-Supermercado,Venezuela,Lara,Barquisimeto,3508,Carrera 52 con Ave. Bolívar #65-98 Llano Largo
10544,24.91,1997-05-21 00:00:00.000,1997-06-18 00:00:00.000,1997-05-30 00:00:00.000,Lonesome Pine Restaurant,USA,OR,Portland,97219,89 Chiaroscuro Rd.
10545,11.92,1997-05-22 00:00:00.000,1997-06-19 00:00:00.000,1997-06-26 00:00:00.000,Lazy K Kountry Store,USA,WA,Walla Walla,99362,12 Orchestra Terrace
10546,194.72,1997-05-23 00:00:00.000,1997-06-20 00:00:00.000,1997-05-27 00:00:00.000,Victuailles en stock,69004,Lyon," rue du Commerce",NULL,2
10547,178.43,1997-05-23 00:00:00.000,1997-06-20 00:00:00.000,1997-06-02 00:00:00.000,Seven Seas Imports,UK,NULL,London,OX15 4NB,90 Wadhurst Rd.
10548,1.43,1997-05-26 00:00:00.000,1997-06-23 00:00:00.000,1997-06-02 00:00:00.000,Toms Spezialitäten,Germany,NULL,Münster,44087,Luisenstr. 48
10549,171.24,1997-05-27 00:00:00.000,1997-06-10 00:00:00.000,1997-05-30 00:00:00.000,QUICK-Stop,Germany,NULL,Cunewalde,01307,Taucherstraße 10
10550,4.32,1997-05-28 00:00:00.000,1997-06-25 00:00:00.000,1997-06-06 00:00:00.000,Godos Cocina Típica,41101,Sevilla," 33",NULL,C/ Romero
10551,72.95,1997-05-28 00:00:00.000,1997-07-09 00:00:00.000,1997-06-06 00:00:00.000,Furia Bacalhau e Frutos do Mar,Portugal,NULL,Lisboa,1675,Jardim das rosas n. 32
10552,83.22,1997-05-29 00:00:00.000,1997-06-26 00:00:00.000,1997-06-05 00:00:00.000,HILARION-Abastos,Venezuela,Táchira,San Cristóbal,5022,Carrera 22 con Ave. Carlos Soublette #8-35
10553,149.49,1997-05-30 00:00:00.000,1997-06-27 00:00:00.000,1997-06-03 00:00:00.000,Wartian Herkku,Finland,NULL,Oulu,90110,Torikatu 38
10554,120.97,1997-05-30 00:00:00.000,1997-06-27 00:00:00.000,1997-06-05 00:00:00.000,Ottilies Käseladen,Germany,NULL,Köln,50739,Mehrheimerstr. 369
10555,252.49,1997-06-02 00:00:00.000,1997-06-30 00:00:00.000,1997-06-04 00:00:00.000,Save-a-lot Markets,USA,ID,Boise,83720,187 Suffolk Ln.
10556,9.80,1997-06-03 00:00:00.000,1997-07-15 00:00:00.000,1997-06-13 00:00:00.000,Simons bistro,Denmark,NULL,Kobenhavn,1734,Vinbæltet 34
10557,96.72,1997-06-03 00:00:00.000,1997-06-17 00:00:00.000,1997-06-06 00:00:00.000,Lehmanns Marktstand,Germany,NULL,Frankfurt a.M.,60528,Magazinweg 7
10558,72.97,1997-06-04 00:00:00.000,1997-07-02 00:00:00.000,1997-06-10 00:00:00.000,Around the Horn,UK,Essex,Colchester,CO7 6JX,Brook Farm Stratford St. Mary
10559,8.05,1997-06-05 00:00:00.000,1997-07-03 00:00:00.000,1997-06-13 00:00:00.000,Blondel père et fils,67000,Strasbourg," place Kléber",NULL,24
10560,36.65,1997-06-06 00:00:00.000,1997-07-04 00:00:00.000,1997-06-09 00:00:00.000,Frankenversand,Germany,NULL,München,80805,Berliner Platz 43
10561,242.21,1997-06-06 00:00:00.000,1997-07-04 00:00:00.000,1997-06-09 00:00:00.000,Folk och fä HB,Sweden,NULL,Bräcke,S-844 67,Åkergatan 24
10562,22.95,1997-06-09 00:00:00.000,1997-07-07 00:00:00.000,1997-06-12 00:00:00.000,Reggiani Caseifici,Italy,NULL,Reggio Emilia,42100,Strada Provinciale 124
10563,60.43,1997-06-10 00:00:00.000,1997-07-22 00:00:00.000,1997-06-24 00:00:00.000,Ricardo Adocicados,02389-890,Rio de Janeiro," 267",RJ,Av. Copacabana
10564,13.75,1997-06-10 00:00:00.000,1997-07-08 00:00:00.000,1997-06-16 00:00:00.000,Rattlesnake Canyon Grocery,USA,NM,Albuquerque,87110,2817 Milton Dr.
10565,7.15,1997-06-11 00:00:00.000,1997-07-09 00:00:00.000,1997-06-18 00:00:00.000,Mère Paillarde,Canada,Québec,Montréal,H1J 1C3,43 rue St. Laurent
10566,88.40,1997-06-12 00:00:00.000,1997-07-10 00:00:00.000,1997-06-18 00:00:00.000,Blondel père et fils,67000,Strasbourg," place Kléber",NULL,24
10567,33.97,1997-06-12 00:00:00.000,1997-07-10 00:00:00.000,1997-06-17 00:00:00.000,Hungry Owl All-Night Grocers,Ireland,Co. Cork,Cork,NULL,8 Johnstown Road
10568,6.54,1997-06-13 00:00:00.000,1997-07-11 00:00:00.000,1997-07-09 00:00:00.000,Galería del gastronómo,8022,Barcelona," 23",NULL,Rambla de Cataluña
10569,58.98,1997-06-16 00:00:00.000,1997-07-14 00:00:00.000,1997-07-11 00:00:00.000,Rattlesnake Canyon Grocery,USA,NM,Albuquerque,87110,2817 Milton Dr.
10570,188.99,1997-06-17 00:00:00.000,1997-07-15 00:00:00.000,1997-06-19 00:00:00.000,Mère Paillarde,Canada,Québec,Montréal,H1J 1C3,43 rue St. Laurent
10571,26.06,1997-06-17 00:00:00.000,1997-07-29 00:00:00.000,1997-07-04 00:00:00.000,Ernst Handel,Austria,NULL,Graz,8010,Kirchgasse 6
10572,116.43,1997-06-18 00:00:00.000,1997-07-16 00:00:00.000,1997-06-25 00:00:00.000,Berglunds snabbköp,Sweden,NULL,Luleå,S-958 22,Berguvsvägen  8
10573,84.84,1997-06-19 00:00:00.000,1997-07-17 00:00:00.000,1997-06-20 00:00:00.000,Antonio Moreno Taquería,Mexico,NULL,México D.F.,05023,Mataderos  2312
10574,37.60,1997-06-19 00:00:00.000,1997-07-17 00:00:00.000,1997-06-30 00:00:00.000,Trail's Head Gourmet Provisioners,USA,WA,Kirkland,98034,722 DaVinci Blvd.
10575,127.34,1997-06-20 00:00:00.000,1997-07-04 00:00:00.000,1997-06-30 00:00:00.000,Morgenstern Gesundkost,Germany,NULL,Leipzig,04179,Heerstr. 22
10576,18.56,1997-06-23 00:00:00.000,1997-07-07 00:00:00.000,1997-06-30 00:00:00.000,Tortuga Restaurante,Mexico,NULL,México D.F.,05033,Avda. Azteca 123
10577,25.41,1997-06-23 00:00:00.000,1997-08-04 00:00:00.000,1997-06-30 00:00:00.000,Trail's Head Gourmet Provisioners,USA,WA,Kirkland,98034,722 DaVinci Blvd.
10578,29.60,1997-06-24 00:00:00.000,1997-07-22 00:00:00.000,1997-07-25 00:00:00.000,B's Beverages,UK,NULL,London,EC2 5NT,Fauntleroy Circus
10579,13.73,1997-06-25 00:00:00.000,1997-07-23 00:00:00.000,1997-07-04 00:00:00.000,Let's Stop N Shop,USA,CA,San Francisco,94117,87 Polk St. Suite 5
10580,75.89,1997-06-26 00:00:00.000,1997-07-24 00:00:00.000,1997-07-01 00:00:00.000,Ottilies Käseladen,Germany,NULL,Köln,50739,Mehrheimerstr. 369
10581,3.01,1997-06-26 00:00:00.000,1997-07-24 00:00:00.000,1997-07-02 00:00:00.000,Familia Arquibaldo,05442-030,Sao Paulo," 92",SP,Rua Orós
10582,27.71,1997-06-27 00:00:00.000,1997-07-25 00:00:00.000,1997-07-14 00:00:00.000,Blauer See Delikatessen,Germany,NULL,Mannheim,68306,Forsterstr. 57
10583,7.28,1997-06-30 00:00:00.000,1997-07-28 00:00:00.000,1997-07-04 00:00:00.000,Wartian Herkku,Finland,NULL,Oulu,90110,Torikatu 38
10584,59.14,1997-06-30 00:00:00.000,1997-07-28 00:00:00.000,1997-07-04 00:00:00.000,Blondel père et fils,67000,Strasbourg," place Kléber",NULL,24
10585,13.41,1997-07-01 00:00:00.000,1997-07-29 00:00:00.000,1997-07-10 00:00:00.000,Wellington Importadora,08737-363,Resende," 12",SP,Rua do Mercado
10586,0.48,1997-07-02 00:00:00.000,1997-07-30 00:00:00.000,1997-07-09 00:00:00.000,Reggiani Caseifici,Italy,NULL,Reggio Emilia,42100,Strada Provinciale 124
10587,62.52,1997-07-02 00:00:00.000,1997-07-30 00:00:00.000,1997-07-09 00:00:00.000,Que Delícia,02389-673,Rio de Janeiro," 12",RJ,Rua da Panificadora
10588,194.67,1997-07-03 00:00:00.000,1997-07-31 00:00:00.000,1997-07-10 00:00:00.000,QUICK-Stop,Germany,NULL,Cunewalde,01307,Taucherstraße 10
10589,4.42,1997-07-04 00:00:00.000,1997-08-01 00:00:00.000,1997-07-14 00:00:00.000,Great Lakes Food Market,USA,OR,Eugene,97403,2732 Baker Blvd.
10590,44.77,1997-07-07 00:00:00.000,1997-08-04 00:00:00.000,1997-07-14 00:00:00.000,Mère Paillarde,Canada,Québec,Montréal,H1J 1C3,43 rue St. Laurent
10591,55.92,1997-07-07 00:00:00.000,1997-07-21 00:00:00.000,1997-07-16 00:00:00.000,Vaffeljernet,Denmark,NULL,Århus,8200,Smagsloget 45
10592,32.10,1997-07-08 00:00:00.000,1997-08-05 00:00:00.000,1997-07-16 00:00:00.000,Lehmanns Marktstand,Germany,NULL,Frankfurt a.M.,60528,Magazinweg 7
10593,174.20,1997-07-09 00:00:00.000,1997-08-06 00:00:00.000,1997-08-13 00:00:00.000,Lehmanns Marktstand,Germany,NULL,Frankfurt a.M.,60528,Magazinweg 7
10594,5.24,1997-07-09 00:00:00.000,1997-08-06 00:00:00.000,1997-07-16 00:00:00.000,Old World Delicatessen,USA,AK,Anchorage,99508,2743 Bering St.
10595,96.78,1997-07-10 00:00:00.000,1997-08-07 00:00:00.000,1997-07-14 00:00:00.000,Ernst Handel,Austria,NULL,Graz,8010,Kirchgasse 6
10596,16.34,1997-07-11 00:00:00.000,1997-08-08 00:00:00.000,1997-08-12 00:00:00.000,White Clover Markets,USA,WA,Seattle,98124,1029 - 12th Ave. S.
10597,35.12,1997-07-11 00:00:00.000,1997-08-08 00:00:00.000,1997-07-18 00:00:00.000,Piccolo und mehr,Austria,NULL,Salzburg,5020,Geislweg 14
10598,44.42,1997-07-14 00:00:00.000,1997-08-11 00:00:00.000,1997-07-18 00:00:00.000,Rattlesnake Canyon Grocery,USA,NM,Albuquerque,87110,2817 Milton Dr.
10599,29.98,1997-07-15 00:00:00.000,1997-08-26 00:00:00.000,1997-07-21 00:00:00.000,B's Beverages,UK,NULL,London,EC2 5NT,Fauntleroy Circus
10600,45.13,1997-07-16 00:00:00.000,1997-08-13 00:00:00.000,1997-07-21 00:00:00.000,Hungry Coyote Import Store,USA,OR,Elgin,97827,City Center Plaza 516 Main St.
10601,58.30,1997-07-16 00:00:00.000,1997-08-27 00:00:00.000,1997-07-22 00:00:00.000,HILARION-Abastos,Venezuela,Táchira,San Cristóbal,5022,Carrera 22 con Ave. Carlos Soublette #8-35
10602,2.92,1997-07-17 00:00:00.000,1997-08-14 00:00:00.000,1997-07-22 00:00:00.000,Vaffeljernet,Denmark,NULL,Århus,8200,Smagsloget 45
10603,48.77,1997-07-18 00:00:00.000,1997-08-15 00:00:00.000,1997-08-08 00:00:00.000,Save-a-lot Markets,USA,ID,Boise,83720,187 Suffolk Ln.
10604,7.46,1997-07-18 00:00:00.000,1997-08-15 00:00:00.000,1997-07-29 00:00:00.000,Furia Bacalhau e Frutos do Mar,Portugal,NULL,Lisboa,1675,Jardim das rosas n. 32
10605,379.13,1997-07-21 00:00:00.000,1997-08-18 00:00:00.000,1997-07-29 00:00:00.000,Mère Paillarde,Canada,Québec,Montréal,H1J 1C3,43 rue St. Laurent
10606,79.40,1997-07-22 00:00:00.000,1997-08-19 00:00:00.000,1997-07-31 00:00:00.000,Tradiçao Hipermercados,05634-030,Sao Paulo," 414",SP,Av. Inês de Castro
10607,200.24,1997-07-22 00:00:00.000,1997-08-19 00:00:00.000,1997-07-25 00:00:00.000,Save-a-lot Markets,USA,ID,Boise,83720,187 Suffolk Ln.
10608,27.79,1997-07-23 00:00:00.000,1997-08-20 00:00:00.000,1997-08-01 00:00:00.000,Toms Spezialitäten,Germany,NULL,Münster,44087,Luisenstr. 48
10609,1.85,1997-07-24 00:00:00.000,1997-08-21 00:00:00.000,1997-07-30 00:00:00.000,Du monde entier,44000,Nantes," rue des Cinquante Otages",NULL,67
10610,26.78,1997-07-25 00:00:00.000,1997-08-22 00:00:00.000,1997-08-06 00:00:00.000,La maison d'Asie,France,NULL,Toulouse,31000,1 rue Alsace-Lorraine
10611,80.65,1997-07-25 00:00:00.000,1997-08-22 00:00:00.000,1997-08-01 00:00:00.000,Wolski Zajazd,Poland,NULL,Warszawa,01-012,ul. Filtrowa 68
10612,544.08,1997-07-28 00:00:00.000,1997-08-25 00:00:00.000,1997-08-01 00:00:00.000,Save-a-lot Markets,USA,ID,Boise,83720,187 Suffolk Ln.
10613,8.11,1997-07-29 00:00:00.000,1997-08-26 00:00:00.000,1997-08-01 00:00:00.000,HILARION-Abastos,Venezuela,Táchira,San Cristóbal,5022,Carrera 22 con Ave. Carlos Soublette #8-35
10614,1.93,1997-07-29 00:00:00.000,1997-08-26 00:00:00.000,1997-08-01 00:00:00.000,Blauer See Delikatessen,Germany,NULL,Mannheim,68306,Forsterstr. 57
10615,0.75,1997-07-30 00:00:00.000,1997-08-27 00:00:00.000,1997-08-06 00:00:00.000,Wilman Kala,Finland,NULL,Helsinki,21240,Keskuskatu 45
10616,116.53,1997-07-31 00:00:00.000,1997-08-28 00:00:00.000,1997-08-05 00:00:00.000,Great Lakes Food Market,USA,OR,Eugene,97403,2732 Baker Blvd.
10617,18.53,1997-07-31 00:00:00.000,1997-08-28 00:00:00.000,1997-08-04 00:00:00.000,Great Lakes Food Market,USA,OR,Eugene,97403,2732 Baker Blvd.
10618,154.68,1997-08-01 00:00:00.000,1997-09-12 00:00:00.000,1997-08-08 00:00:00.000,Mère Paillarde,Canada,Québec,Montréal,H1J 1C3,43 rue St. Laurent
10619,91.05,1997-08-04 00:00:00.000,1997-09-01 00:00:00.000,1997-08-07 00:00:00.000,Mère Paillarde,Canada,Québec,Montréal,H1J 1C3,43 rue St. Laurent
10620,0.94,1997-08-05 00:00:00.000,1997-09-02 00:00:00.000,1997-08-14 00:00:00.000,Laughing Bacchus Wine Cellars,Canada,BC,Vancouver,V3F 2K1,2319 Elm St.
10621,23.73,1997-08-05 00:00:00.000,1997-09-02 00:00:00.000,1997-08-11 00:00:00.000,Island Trading,UK,Isle of Wight,Cowes,PO31 7PJ,Garden House Crowther Way
10622,50.97,1997-08-06 00:00:00.000,1997-09-03 00:00:00.000,1997-08-11 00:00:00.000,Ricardo Adocicados,02389-890,Rio de Janeiro," 267",RJ,Av. Copacabana
10623,97.18,1997-08-07 00:00:00.000,1997-09-04 00:00:00.000,1997-08-12 00:00:00.000,Frankenversand,Germany,NULL,München,80805,Berliner Platz 43
10624,94.80,1997-08-07 00:00:00.000,1997-09-04 00:00:00.000,1997-08-19 00:00:00.000,The Cracker Box,USA,MT,Butte,59801,55 Grizzly Peak Rd.
10625,43.90,1997-08-08 00:00:00.000,1997-09-05 00:00:00.000,1997-08-14 00:00:00.000,Ana Trujillo Emparedados y helados,Mexico,NULL,México D.F.,05021,Avda. de la Constitución 2222
10626,138.69,1997-08-11 00:00:00.000,1997-09-08 00:00:00.000,1997-08-20 00:00:00.000,Berglunds snabbköp,Sweden,NULL,Luleå,S-958 22,Berguvsvägen  8
10627,107.46,1997-08-11 00:00:00.000,1997-09-22 00:00:00.000,1997-08-21 00:00:00.000,Save-a-lot Markets,USA,ID,Boise,83720,187 Suffolk Ln.
10628,30.36,1997-08-12 00:00:00.000,1997-09-09 00:00:00.000,1997-08-20 00:00:00.000,Blondel père et fils,67000,Strasbourg," place Kléber",NULL,24
10629,85.46,1997-08-12 00:00:00.000,1997-09-09 00:00:00.000,1997-08-20 00:00:00.000,Godos Cocina Típica,41101,Sevilla," 33",NULL,C/ Romero
10630,32.35,1997-08-13 00:00:00.000,1997-09-10 00:00:00.000,1997-08-19 00:00:00.000,Königlich Essen,Germany,NULL,Brandenburg,14776,Maubelstr. 90
10631,0.87,1997-08-14 00:00:00.000,1997-09-11 00:00:00.000,1997-08-15 00:00:00.000,La maison d'Asie,France,NULL,Toulouse,31000,1 rue Alsace-Lorraine
10632,41.38,1997-08-14 00:00:00.000,1997-09-11 00:00:00.000,1997-08-19 00:00:00.000,Die Wandernde Kuh,Germany,NULL,Stuttgart,70563,Adenauerallee 900
10633,477.90,1997-08-15 00:00:00.000,1997-09-12 00:00:00.000,1997-08-18 00:00:00.000,Ernst Handel,Austria,NULL,Graz,8010,Kirchgasse 6
10634,487.38,1997-08-15 00:00:00.000,1997-09-12 00:00:00.000,1997-08-21 00:00:00.000,Folies gourmandes,59000,Lille," chaussée de Tournai",NULL,184
10635,47.46,1997-08-18 00:00:00.000,1997-09-15 00:00:00.000,1997-08-21 00:00:00.000,Magazzini Alimentari Riuniti,Italy,NULL,Bergamo,24100,Via Ludovico il Moro 22
10636,1.15,1997-08-19 00:00:00.000,1997-09-16 00:00:00.000,1997-08-26 00:00:00.000,Wartian Herkku,Finland,NULL,Oulu,90110,Torikatu 38
10637,201.29,1997-08-19 00:00:00.000,1997-09-16 00:00:00.000,1997-08-26 00:00:00.000,Queen Cozinha,05487-020,Sao Paulo," 891",SP,Alameda dos Canàrios
10638,158.44,1997-08-20 00:00:00.000,1997-09-17 00:00:00.000,1997-09-01 00:00:00.000,LINO-Delicateses,Venezuela,Nueva Esparta,I. de Margarita,4980,Ave. 5 de Mayo Porlamar
10639,38.64,1997-08-20 00:00:00.000,1997-09-17 00:00:00.000,1997-08-27 00:00:00.000,Santé Gourmet,Norway,NULL,Stavern,4110,Erling Skakkes gate 78
10640,23.55,1997-08-21 00:00:00.000,1997-09-18 00:00:00.000,1997-08-28 00:00:00.000,Die Wandernde Kuh,Germany,NULL,Stuttgart,70563,Adenauerallee 900
10641,179.61,1997-08-22 00:00:00.000,1997-09-19 00:00:00.000,1997-08-26 00:00:00.000,HILARION-Abastos,Venezuela,Táchira,San Cristóbal,5022,Carrera 22 con Ave. Carlos Soublette #8-35
10642,41.89,1997-08-22 00:00:00.000,1997-09-19 00:00:00.000,1997-09-05 00:00:00.000,Simons bistro,Denmark,NULL,Kobenhavn,1734,Vinbæltet 34
10643,29.46,1997-08-25 00:00:00.000,1997-09-22 00:00:00.000,1997-09-02 00:00:00.000,Alfreds Futterkiste,Germany,NULL,Berlin,12209,Obere Str. 57
10644,0.14,1997-08-25 00:00:00.000,1997-09-22 00:00:00.000,1997-09-01 00:00:00.000,Wellington Importadora,08737-363,Resende," 12",SP,Rua do Mercado
10645,12.41,1997-08-26 00:00:00.000,1997-09-23 00:00:00.000,1997-09-02 00:00:00.000,Hanari Carnes,05454-876,Rio de Janeiro," 67",RJ,Rua do Paço
10646,142.33,1997-08-27 00:00:00.000,1997-10-08 00:00:00.000,1997-09-03 00:00:00.000,Hungry Owl All-Night Grocers,Ireland,Co. Cork,Cork,NULL,8 Johnstown Road
10647,45.54,1997-08-27 00:00:00.000,1997-09-10 00:00:00.000,1997-09-03 00:00:00.000,Que Delícia,02389-673,Rio de Janeiro," 12",RJ,Rua da Panificadora
10648,14.25,1997-08-28 00:00:00.000,1997-10-09 00:00:00.000,1997-09-09 00:00:00.000,Ricardo Adocicados,02389-890,Rio de Janeiro," 267",RJ,Av. Copacabana
10649,6.20,1997-08-28 00:00:00.000,1997-09-25 00:00:00.000,1997-08-29 00:00:00.000,Maison Dewey,Belgium,NULL,Bruxelles,B-1180,Rue Joseph-Bens 532
10650,176.81,1997-08-29 00:00:00.000,1997-09-26 00:00:00.000,1997-09-03 00:00:00.000,Familia Arquibaldo,05442-030,Sao Paulo," 92",SP,Rua Orós
10651,20.60,1997-09-01 00:00:00.000,1997-09-29 00:00:00.000,1997-09-11 00:00:00.000,Die Wandernde Kuh,Germany,NULL,Stuttgart,70563,Adenauerallee 900
10652,7.14,1997-09-01 00:00:00.000,1997-09-29 00:00:00.000,1997-09-08 00:00:00.000,Gourmet Lanchonetes,04876-786,Campinas," 442",SP,Av. Brasil
10653,93.25,1997-09-02 00:00:00.000,1997-09-30 00:00:00.000,1997-09-19 00:00:00.000,Frankenversand,Germany,NULL,München,80805,Berliner Platz 43
10654,55.26,1997-09-02 00:00:00.000,1997-09-30 00:00:00.000,1997-09-11 00:00:00.000,Berglunds snabbköp,Sweden,NULL,Luleå,S-958 22,Berguvsvägen  8
10655,4.41,1997-09-03 00:00:00.000,1997-10-01 00:00:00.000,1997-09-11 00:00:00.000,Reggiani Caseifici,Italy,NULL,Reggio Emilia,42100,Strada Provinciale 124
10656,57.15,1997-09-04 00:00:00.000,1997-10-02 00:00:00.000,1997-09-10 00:00:00.000,Great Lakes Food Market,USA,OR,Eugene,97403,2732 Baker Blvd.
10657,352.69,1997-09-04 00:00:00.000,1997-10-02 00:00:00.000,1997-09-15 00:00:00.000,Save-a-lot Markets,USA,ID,Boise,83720,187 Suffolk Ln.
10658,364.15,1997-09-05 00:00:00.000,1997-10-03 00:00:00.000,1997-09-08 00:00:00.000,QUICK-Stop,Germany,NULL,Cunewalde,01307,Taucherstraße 10
10659,105.81,1997-09-05 00:00:00.000,1997-10-03 00:00:00.000,1997-09-10 00:00:00.000,Queen Cozinha,05487-020,Sao Paulo," 891",SP,Alameda dos Canàrios
10660,111.29,1997-09-08 00:00:00.000,1997-10-06 00:00:00.000,1997-10-15 00:00:00.000,Hungry Coyote Import Store,USA,OR,Elgin,97827,City Center Plaza 516 Main St.
10661,17.55,1997-09-09 00:00:00.000,1997-10-07 00:00:00.000,1997-09-15 00:00:00.000,Hungry Owl All-Night Grocers,Ireland,Co. Cork,Cork,NULL,8 Johnstown Road
10662,1.28,1997-09-09 00:00:00.000,1997-10-07 00:00:00.000,1997-09-18 00:00:00.000,Lonesome Pine Restaurant,USA,OR,Portland,97219,89 Chiaroscuro Rd.
10663,113.15,1997-09-10 00:00:00.000,1997-09-24 00:00:00.000,1997-10-03 00:00:00.000,Bon app',13008,Marseille," rue des Bouchers",NULL,12
10664,1.27,1997-09-10 00:00:00.000,1997-10-08 00:00:00.000,1997-09-19 00:00:00.000,Furia Bacalhau e Frutos do Mar,Portugal,NULL,Lisboa,1675,Jardim das rosas n. 32
10665,26.31,1997-09-11 00:00:00.000,1997-10-09 00:00:00.000,1997-09-17 00:00:00.000,Lonesome Pine Restaurant,USA,OR,Portland,97219,89 Chiaroscuro Rd.
10666,232.42,1997-09-12 00:00:00.000,1997-10-10 00:00:00.000,1997-09-22 00:00:00.000,Richter Supermarkt,Switzerland,NULL,Genève,1204,Starenweg 5
10667,78.09,1997-09-12 00:00:00.000,1997-10-10 00:00:00.000,1997-09-19 00:00:00.000,Ernst Handel,Austria,NULL,Graz,8010,Kirchgasse 6
10668,47.22,1997-09-15 00:00:00.000,1997-10-13 00:00:00.000,1997-09-23 00:00:00.000,Die Wandernde Kuh,Germany,NULL,Stuttgart,70563,Adenauerallee 900
10669,24.39,1997-09-15 00:00:00.000,1997-10-13 00:00:00.000,1997-09-22 00:00:00.000,Simons bistro,Denmark,NULL,Kobenhavn,1734,Vinbæltet 34
10670,203.48,1997-09-16 00:00:00.000,1997-10-14 00:00:00.000,1997-09-18 00:00:00.000,Frankenversand,Germany,NULL,München,80805,Berliner Platz 43
10671,30.34,1997-09-17 00:00:00.000,1997-10-15 00:00:00.000,1997-09-24 00:00:00.000,France restauration,44000,Nantes," rue Royale",NULL,54
10672,95.75,1997-09-17 00:00:00.000,1997-10-01 00:00:00.000,1997-09-26 00:00:00.000,Berglunds snabbköp,Sweden,NULL,Luleå,S-958 22,Berguvsvägen  8
10673,22.76,1997-09-18 00:00:00.000,1997-10-16 00:00:00.000,1997-09-19 00:00:00.000,Wilman Kala,Finland,NULL,Helsinki,21240,Keskuskatu 45
10674,0.90,1997-09-18 00:00:00.000,1997-10-16 00:00:00.000,1997-09-30 00:00:00.000,Island Trading,UK,Isle of Wight,Cowes,PO31 7PJ,Garden House Crowther Way
10675,31.85,1997-09-19 00:00:00.000,1997-10-17 00:00:00.000,1997-09-23 00:00:00.000,Frankenversand,Germany,NULL,München,80805,Berliner Platz 43
10676,2.01,1997-09-22 00:00:00.000,1997-10-20 00:00:00.000,1997-09-29 00:00:00.000,Tortuga Restaurante,Mexico,NULL,México D.F.,05033,Avda. Azteca 123
10677,4.03,1997-09-22 00:00:00.000,1997-10-20 00:00:00.000,1997-09-26 00:00:00.000,Antonio Moreno Taquería,Mexico,NULL,México D.F.,05023,Mataderos  2312
10678,388.98,1997-09-23 00:00:00.000,1997-10-21 00:00:00.000,1997-10-16 00:00:00.000,Save-a-lot Markets,USA,ID,Boise,83720,187 Suffolk Ln.
10679,27.94,1997-09-23 00:00:00.000,1997-10-21 00:00:00.000,1997-09-30 00:00:00.000,Blondel père et fils,67000,Strasbourg," place Kléber",NULL,24
10680,26.61,1997-09-24 00:00:00.000,1997-10-22 00:00:00.000,1997-09-26 00:00:00.000,Old World Delicatessen,USA,AK,Anchorage,99508,2743 Bering St.
10681,76.13,1997-09-25 00:00:00.000,1997-10-23 00:00:00.000,1997-09-30 00:00:00.000,Great Lakes Food Market,USA,OR,Eugene,97403,2732 Baker Blvd.
10682,36.13,1997-09-25 00:00:00.000,1997-10-23 00:00:00.000,1997-10-01 00:00:00.000,Antonio Moreno Taquería,Mexico,NULL,México D.F.,05023,Mataderos  2312
10683,4.40,1997-09-26 00:00:00.000,1997-10-24 00:00:00.000,1997-10-01 00:00:00.000,Du monde entier,44000,Nantes," rue des Cinquante Otages",NULL,67
10684,145.63,1997-09-26 00:00:00.000,1997-10-24 00:00:00.000,1997-09-30 00:00:00.000,Ottilies Käseladen,Germany,NULL,Köln,50739,Mehrheimerstr. 369
10685,33.75,1997-09-29 00:00:00.000,1997-10-13 00:00:00.000,1997-10-03 00:00:00.000,Gourmet Lanchonetes,04876-786,Campinas," 442",SP,Av. Brasil
10686,96.50,1997-09-30 00:00:00.000,1997-10-28 00:00:00.000,1997-10-08 00:00:00.000,Piccolo und mehr,Austria,NULL,Salzburg,5020,Geislweg 14
10687,296.43,1997-09-30 00:00:00.000,1997-10-28 00:00:00.000,1997-10-30 00:00:00.000,Hungry Owl All-Night Grocers,Ireland,Co. Cork,Cork,NULL,8 Johnstown Road
10688,299.09,1997-10-01 00:00:00.000,1997-10-15 00:00:00.000,1997-10-07 00:00:00.000,Vaffeljernet,Denmark,NULL,Århus,8200,Smagsloget 45
10689,13.42,1997-10-01 00:00:00.000,1997-10-29 00:00:00.000,1997-10-07 00:00:00.000,Berglunds snabbköp,Sweden,NULL,Luleå,S-958 22,Berguvsvägen  8
10690,15.80,1997-10-02 00:00:00.000,1997-10-30 00:00:00.000,1997-10-03 00:00:00.000,Hanari Carnes,05454-876,Rio de Janeiro," 67",RJ,Rua do Paço
10691,810.05,1997-10-03 00:00:00.000,1997-11-14 00:00:00.000,1997-10-22 00:00:00.000,QUICK-Stop,Germany,NULL,Cunewalde,01307,Taucherstraße 10
10692,61.02,1997-10-03 00:00:00.000,1997-10-31 00:00:00.000,1997-10-13 00:00:00.000,Alfred's Futterkiste,Germany,NULL,Berlin,12209,Obere Str. 57
10693,139.34,1997-10-06 00:00:00.000,1997-10-20 00:00:00.000,1997-10-10 00:00:00.000,White Clover Markets,USA,WA,Seattle,98124,1029 - 12th Ave. S.
10694,398.36,1997-10-06 00:00:00.000,1997-11-03 00:00:00.000,1997-10-09 00:00:00.000,QUICK-Stop,Germany,NULL,Cunewalde,01307,Taucherstraße 10
10695,16.72,1997-10-07 00:00:00.000,1997-11-18 00:00:00.000,1997-10-14 00:00:00.000,Wilman Kala,Finland,NULL,Helsinki,21240,Keskuskatu 45
10696,102.55,1997-10-08 00:00:00.000,1997-11-19 00:00:00.000,1997-10-14 00:00:00.000,White Clover Markets,USA,WA,Seattle,98124,1029 - 12th Ave. S.
10697,45.52,1997-10-08 00:00:00.000,1997-11-05 00:00:00.000,1997-10-14 00:00:00.000,LINO-Delicateses,Venezuela,Nueva Esparta,I. de Margarita,4980,Ave. 5 de Mayo Porlamar
10698,272.47,1997-10-09 00:00:00.000,1997-11-06 00:00:00.000,1997-10-17 00:00:00.000,Ernst Handel,Austria,NULL,Graz,8010,Kirchgasse 6
10699,0.58,1997-10-09 00:00:00.000,1997-11-06 00:00:00.000,1997-10-13 00:00:00.000,Morgenstern Gesundkost,Germany,NULL,Leipzig,04179,Heerstr. 22
10700,65.10,1997-10-10 00:00:00.000,1997-11-07 00:00:00.000,1997-10-16 00:00:00.000,Save-a-lot Markets,USA,ID,Boise,83720,187 Suffolk Ln.
10701,220.31,1997-10-13 00:00:00.000,1997-10-27 00:00:00.000,1997-10-15 00:00:00.000,Hungry Owl All-Night Grocers,Ireland,Co. Cork,Cork,NULL,8 Johnstown Road
10702,23.94,1997-10-13 00:00:00.000,1997-11-24 00:00:00.000,1997-10-21 00:00:00.000,Alfred's Futterkiste,Germany,NULL,Berlin,12209,Obere Str. 57
10703,152.30,1997-10-14 00:00:00.000,1997-11-11 00:00:00.000,1997-10-20 00:00:00.000,Folk och fä HB,Sweden,NULL,Bräcke,S-844 67,Åkergatan 24
10704,4.78,1997-10-14 00:00:00.000,1997-11-11 00:00:00.000,1997-11-07 00:00:00.000,Queen Cozinha,05487-020,Sao Paulo," 891",SP,Alameda dos Canàrios
10705,3.52,1997-10-15 00:00:00.000,1997-11-12 00:00:00.000,1997-11-18 00:00:00.000,HILARION-Abastos,Venezuela,Táchira,San Cristóbal,5022,Carrera 22 con Ave. Carlos Soublette #8-35
10706,135.63,1997-10-16 00:00:00.000,1997-11-13 00:00:00.000,1997-10-21 00:00:00.000,Old World Delicatessen,USA,AK,Anchorage,99508,2743 Bering St.
10707,21.74,1997-10-16 00:00:00.000,1997-10-30 00:00:00.000,1997-10-23 00:00:00.000,Around the Horn,UK,Essex,Colchester,CO7 6JX,Brook Farm Stratford St. Mary
10708,2.96,1997-10-17 00:00:00.000,1997-11-28 00:00:00.000,1997-11-05 00:00:00.000,The Big Cheese,USA,OR,Portland,97201,89 Jefferson Way Suite 2
10709,210.80,1997-10-17 00:00:00.000,1997-11-14 00:00:00.000,1997-11-20 00:00:00.000,Gourmet Lanchonetes,04876-786,Campinas," 442",SP,Av. Brasil
10710,4.98,1997-10-20 00:00:00.000,1997-11-17 00:00:00.000,1997-10-23 00:00:00.000,Franchi S.p.A.,Italy,NULL,Torino,10100,Via Monte Bianco 34
10711,52.41,1997-10-21 00:00:00.000,1997-12-02 00:00:00.000,1997-10-29 00:00:00.000,Save-a-lot Markets,USA,ID,Boise,83720,187 Suffolk Ln.
10712,89.93,1997-10-21 00:00:00.000,1997-11-18 00:00:00.000,1997-10-31 00:00:00.000,Hungry Owl All-Night Grocers,Ireland,Co. Cork,Cork,NULL,8 Johnstown Road
10713,167.05,1997-10-22 00:00:00.000,1997-11-19 00:00:00.000,1997-10-24 00:00:00.000,Save-a-lot Markets,USA,ID,Boise,83720,187 Suffolk Ln.
10714,24.49,1997-10-22 00:00:00.000,1997-11-19 00:00:00.000,1997-10-27 00:00:00.000,Save-a-lot Markets,USA,ID,Boise,83720,187 Suffolk Ln.
10715,63.20,1997-10-23 00:00:00.000,1997-11-06 00:00:00.000,1997-10-29 00:00:00.000,Bon app',13008,Marseille," rue des Bouchers",NULL,12
10716,22.57,1997-10-24 00:00:00.000,1997-11-21 00:00:00.000,1997-10-27 00:00:00.000,Rancho grande,Argentina,NULL,Buenos Aires,1010,Av. del Libertador 900
10717,59.25,1997-10-24 00:00:00.000,1997-11-21 00:00:00.000,1997-10-29 00:00:00.000,Frankenversand,Germany,NULL,München,80805,Berliner Platz 43
10718,170.88,1997-10-27 00:00:00.000,1997-11-24 00:00:00.000,1997-10-29 00:00:00.000,Königlich Essen,Germany,NULL,Brandenburg,14776,Maubelstr. 90
10719,51.44,1997-10-27 00:00:00.000,1997-11-24 00:00:00.000,1997-11-05 00:00:00.000,Let's Stop N Shop,USA,CA,San Francisco,94117,87 Polk St. Suite 5
10720,9.53,1997-10-28 00:00:00.000,1997-11-11 00:00:00.000,1997-11-05 00:00:00.000,Que Delícia,02389-673,Rio de Janeiro," 12",RJ,Rua da Panificadora
10721,48.92,1997-10-29 00:00:00.000,1997-11-26 00:00:00.000,1997-10-31 00:00:00.000,QUICK-Stop,Germany,NULL,Cunewalde,01307,Taucherstraße 10
10722,74.58,1997-10-29 00:00:00.000,1997-12-10 00:00:00.000,1997-11-04 00:00:00.000,Save-a-lot Markets,USA,ID,Boise,83720,187 Suffolk Ln.
10723,21.72,1997-10-30 00:00:00.000,1997-11-27 00:00:00.000,1997-11-25 00:00:00.000,White Clover Markets,USA,WA,Seattle,98124,1029 - 12th Ave. S.
10724,57.75,1997-10-30 00:00:00.000,1997-12-11 00:00:00.000,1997-11-05 00:00:00.000,Mère Paillarde,Canada,Québec,Montréal,H1J 1C3,43 rue St. Laurent
10725,10.83,1997-10-31 00:00:00.000,1997-11-28 00:00:00.000,1997-11-05 00:00:00.000,Familia Arquibaldo,05442-030,Sao Paulo," 92",SP,Rua Orós
10726,16.56,1997-11-03 00:00:00.000,1997-11-17 00:00:00.000,1997-12-05 00:00:00.000,Eastern Connection,UK,NULL,London,WX3 6FW,35 King George
10727,89.90,1997-11-03 00:00:00.000,1997-12-01 00:00:00.000,1997-12-05 00:00:00.000,Reggiani Caseifici,Italy,NULL,Reggio Emilia,42100,Strada Provinciale 124
10728,58.33,1997-11-04 00:00:00.000,1997-12-02 00:00:00.000,1997-11-11 00:00:00.000,Queen Cozinha,05487-020,Sao Paulo," 891",SP,Alameda dos Canàrios
10729,141.06,1997-11-04 00:00:00.000,1997-12-16 00:00:00.000,1997-11-14 00:00:00.000,LINO-Delicateses,Venezuela,Nueva Esparta,I. de Margarita,4980,Ave. 5 de Mayo Porlamar
10730,20.12,1997-11-05 00:00:00.000,1997-12-03 00:00:00.000,1997-11-14 00:00:00.000,Bon app',13008,Marseille," rue des Bouchers",NULL,12
10731,96.65,1997-11-06 00:00:00.000,1997-12-04 00:00:00.000,1997-11-14 00:00:00.000,Chop-suey Chinese,Switzerland,NULL,Bern,3012,Hauptstr. 31
10732,16.97,1997-11-06 00:00:00.000,1997-12-04 00:00:00.000,1997-11-07 00:00:00.000,Bon app',13008,Marseille," rue des Bouchers",NULL,12
10733,110.11,1997-11-07 00:00:00.000,1997-12-05 00:00:00.000,1997-11-10 00:00:00.000,Berglunds snabbköp,Sweden,NULL,Luleå,S-958 22,Berguvsvägen  8
10734,1.63,1997-11-07 00:00:00.000,1997-12-05 00:00:00.000,1997-11-12 00:00:00.000,Gourmet Lanchonetes,04876-786,Campinas," 442",SP,Av. Brasil
10735,45.97,1997-11-10 00:00:00.000,1997-12-08 00:00:00.000,1997-11-21 00:00:00.000,Let's Stop N Shop,USA,CA,San Francisco,94117,87 Polk St. Suite 5
10736,44.10,1997-11-11 00:00:00.000,1997-12-09 00:00:00.000,1997-11-21 00:00:00.000,Hungry Owl All-Night Grocers,Ireland,Co. Cork,Cork,NULL,8 Johnstown Road
10737,7.79,1997-11-11 00:00:00.000,1997-12-09 00:00:00.000,1997-11-18 00:00:00.000,Vins et alcools Chevalier,France,NULL,Reims,51100,59 rue de l'Abbaye
10738,2.91,1997-11-12 00:00:00.000,1997-12-10 00:00:00.000,1997-11-18 00:00:00.000,Spécialités du monde,75016,Paris," rue Lauriston",NULL,25
10739,11.08,1997-11-12 00:00:00.000,1997-12-10 00:00:00.000,1997-11-17 00:00:00.000,Vins et alcools Chevalier,France,NULL,Reims,51100,59 rue de l'Abbaye
10740,81.88,1997-11-13 00:00:00.000,1997-12-11 00:00:00.000,1997-11-25 00:00:00.000,White Clover Markets,USA,WA,Seattle,98124,1029 - 12th Ave. S.
10741,10.96,1997-11-14 00:00:00.000,1997-11-28 00:00:00.000,1997-11-18 00:00:00.000,Around the Horn,UK,Essex,Colchester,CO7 6JX,Brook Farm Stratford St. Mary
10742,243.73,1997-11-14 00:00:00.000,1997-12-12 00:00:00.000,1997-11-18 00:00:00.000,Bottom-Dollar Markets,Canada,BC,Tsawassen,T2F 8M4,23 Tsawassen Blvd.
10743,23.72,1997-11-17 00:00:00.000,1997-12-15 00:00:00.000,1997-11-21 00:00:00.000,Around the Horn,UK,Essex,Colchester,CO7 6JX,Brook Farm Stratford St. Mary
10744,69.19,1997-11-17 00:00:00.000,1997-12-15 00:00:00.000,1997-11-24 00:00:00.000,Vaffeljernet,Denmark,NULL,Århus,8200,Smagsloget 45
10745,3.52,1997-11-18 00:00:00.000,1997-12-16 00:00:00.000,1997-11-27 00:00:00.000,QUICK-Stop,Germany,NULL,Cunewalde,01307,Taucherstraße 10
10746,31.43,1997-11-19 00:00:00.000,1997-12-17 00:00:00.000,1997-11-21 00:00:00.000,Chop-suey Chinese,Switzerland,NULL,Bern,3012,Hauptstr. 31
10747,117.33,1997-11-19 00:00:00.000,1997-12-17 00:00:00.000,1997-11-26 00:00:00.000,Piccolo und mehr,Austria,NULL,Salzburg,5020,Geislweg 14
10748,232.55,1997-11-20 00:00:00.000,1997-12-18 00:00:00.000,1997-11-28 00:00:00.000,Save-a-lot Markets,USA,ID,Boise,83720,187 Suffolk Ln.
10749,61.53,1997-11-20 00:00:00.000,1997-12-18 00:00:00.000,1997-12-19 00:00:00.000,Island Trading,UK,Isle of Wight,Cowes,PO31 7PJ,Garden House Crowther Way
10750,79.30,1997-11-21 00:00:00.000,1997-12-19 00:00:00.000,1997-11-24 00:00:00.000,Wartian Herkku,Finland,NULL,Oulu,90110,Torikatu 38
10751,130.79,1997-11-24 00:00:00.000,1997-12-22 00:00:00.000,1997-12-03 00:00:00.000,Richter Supermarkt,Switzerland,NULL,Genève,1204,Starenweg 5
10752,1.39,1997-11-24 00:00:00.000,1997-12-22 00:00:00.000,1997-11-28 00:00:00.000,North/South,UK,NULL,London,SW7 1RZ,South House 300 Queensbridge
10753,7.70,1997-11-25 00:00:00.000,1997-12-23 00:00:00.000,1997-11-27 00:00:00.000,Franchi S.p.A.,Italy,NULL,Torino,10100,Via Monte Bianco 34
10754,2.38,1997-11-25 00:00:00.000,1997-12-23 00:00:00.000,1997-11-27 00:00:00.000,Magazzini Alimentari Riuniti,Italy,NULL,Bergamo,24100,Via Ludovico il Moro 22
10755,16.71,1997-11-26 00:00:00.000,1997-12-24 00:00:00.000,1997-11-28 00:00:00.000,Bon app',13008,Marseille," rue des Bouchers",NULL,12
10756,73.21,1997-11-27 00:00:00.000,1997-12-25 00:00:00.000,1997-12-02 00:00:00.000,Split Rail Beer & Ale,USA,WY,Lander,82520,P.O. Box 555
10757,8.19,1997-11-27 00:00:00.000,1997-12-25 00:00:00.000,1997-12-15 00:00:00.000,Save-a-lot Markets,USA,ID,Boise,83720,187 Suffolk Ln.
10758,138.17,1997-11-28 00:00:00.000,1997-12-26 00:00:00.000,1997-12-04 00:00:00.000,Richter Supermarkt,Switzerland,NULL,Genève,1204,Starenweg 5
10759,11.99,1997-11-28 00:00:00.000,1997-12-26 00:00:00.000,1997-12-12 00:00:00.000,Ana Trujillo Emparedados y helados,Mexico,NULL,México D.F.,05021,Avda. de la Constitución 2222
10760,155.64,1997-12-01 00:00:00.000,1997-12-29 00:00:00.000,1997-12-10 00:00:00.000,Maison Dewey,Belgium,NULL,Bruxelles,B-1180,Rue Joseph-Bens 532
10761,18.66,1997-12-02 00:00:00.000,1997-12-30 00:00:00.000,1997-12-08 00:00:00.000,Rattlesnake Canyon Grocery,USA,NM,Albuquerque,87110,2817 Milton Dr.
10762,328.74,1997-12-02 00:00:00.000,1997-12-30 00:00:00.000,1997-12-09 00:00:00.000,Folk och fä HB,Sweden,NULL,Bräcke,S-844 67,Åkergatan 24
10763,37.35,1997-12-03 00:00:00.000,1997-12-31 00:00:00.000,1997-12-08 00:00:00.000,Folies gourmandes,59000,Lille," chaussée de Tournai",NULL,184
10764,145.45,1997-12-03 00:00:00.000,1997-12-31 00:00:00.000,1997-12-08 00:00:00.000,Ernst Handel,Austria,NULL,Graz,8010,Kirchgasse 6
10765,42.74,1997-12-04 00:00:00.000,1998-01-01 00:00:00.000,1997-12-09 00:00:00.000,QUICK-Stop,Germany,NULL,Cunewalde,01307,Taucherstraße 10
10766,157.55,1997-12-05 00:00:00.000,1998-01-02 00:00:00.000,1997-12-09 00:00:00.000,Ottilies Käseladen,Germany,NULL,Köln,50739,Mehrheimerstr. 369
10767,1.59,1997-12-05 00:00:00.000,1998-01-02 00:00:00.000,1997-12-15 00:00:00.000,Suprêmes délices,B-6000,Charleroi," 255",NULL,Boulevard Tirou
10768,146.32,1997-12-08 00:00:00.000,1998-01-05 00:00:00.000,1997-12-15 00:00:00.000,Around the Horn,UK,Essex,Colchester,CO7 6JX,Brook Farm Stratford St. Mary
10769,65.06,1997-12-08 00:00:00.000,1998-01-05 00:00:00.000,1997-12-12 00:00:00.000,Vaffeljernet,Denmark,NULL,Århus,8200,Smagsloget 45
10770,5.32,1997-12-09 00:00:00.000,1998-01-06 00:00:00.000,1997-12-17 00:00:00.000,Hanari Carnes,05454-876,Rio de Janeiro," 67",RJ,Rua do Paço
10771,11.19,1997-12-10 00:00:00.000,1998-01-07 00:00:00.000,1998-01-02 00:00:00.000,Ernst Handel,Austria,NULL,Graz,8010,Kirchgasse 6
10772,91.28,1997-12-10 00:00:00.000,1998-01-07 00:00:00.000,1997-12-19 00:00:00.000,Lehmanns Marktstand,Germany,NULL,Frankfurt a.M.,60528,Magazinweg 7
10773,96.43,1997-12-11 00:00:00.000,1998-01-08 00:00:00.000,1997-12-16 00:00:00.000,Ernst Handel,Austria,NULL,Graz,8010,Kirchgasse 6
10774,48.20,1997-12-11 00:00:00.000,1997-12-25 00:00:00.000,1997-12-12 00:00:00.000,Folk och fä HB,Sweden,NULL,Bräcke,S-844 67,Åkergatan 24
10775,20.25,1997-12-12 00:00:00.000,1998-01-09 00:00:00.000,1997-12-26 00:00:00.000,The Cracker Box,USA,MT,Butte,59801,55 Grizzly Peak Rd.
10776,351.53,1997-12-15 00:00:00.000,1998-01-12 00:00:00.000,1997-12-18 00:00:00.000,Ernst Handel,Austria,NULL,Graz,8010,Kirchgasse 6
10777,3.01,1997-12-15 00:00:00.000,1997-12-29 00:00:00.000,1998-01-21 00:00:00.000,Gourmet Lanchonetes,04876-786,Campinas," 442",SP,Av. Brasil
10778,6.79,1997-12-16 00:00:00.000,1998-01-13 00:00:00.000,1997-12-24 00:00:00.000,Berglunds snabbköp,Sweden,NULL,Luleå,S-958 22,Berguvsvägen  8
10779,58.13,1997-12-16 00:00:00.000,1998-01-13 00:00:00.000,1998-01-14 00:00:00.000,Morgenstern Gesundkost,Germany,NULL,Leipzig,04179,Heerstr. 22
10780,42.13,1997-12-16 00:00:00.000,1997-12-30 00:00:00.000,1997-12-25 00:00:00.000,LILA-Supermercado,Venezuela,Lara,Barquisimeto,3508,Carrera 52 con Ave. Bolívar #65-98 Llano Largo
10781,73.16,1997-12-17 00:00:00.000,1998-01-14 00:00:00.000,1997-12-19 00:00:00.000,Wartian Herkku,Finland,NULL,Oulu,90110,Torikatu 38
10782,1.10,1997-12-17 00:00:00.000,1998-01-14 00:00:00.000,1997-12-22 00:00:00.000,Cactus Comidas para llevar,Argentina,NULL,Buenos Aires,1010,Cerrito 333
10783,124.98,1997-12-18 00:00:00.000,1998-01-15 00:00:00.000,1997-12-19 00:00:00.000,Hanari Carnes,05454-876,Rio de Janeiro," 67",RJ,Rua do Paço
10784,70.09,1997-12-18 00:00:00.000,1998-01-15 00:00:00.000,1997-12-22 00:00:00.000,Magazzini Alimentari Riuniti,Italy,NULL,Bergamo,24100,Via Ludovico il Moro 22
10785,1.51,1997-12-18 00:00:00.000,1998-01-15 00:00:00.000,1997-12-24 00:00:00.000,GROSELLA-Restaurante,Venezuela,DF,Caracas,1081,5ª Ave. Los Palos Grandes
10786,110.87,1997-12-19 00:00:00.000,1998-01-16 00:00:00.000,1997-12-23 00:00:00.000,Queen Cozinha,05487-020,Sao Paulo," 891",SP,Alameda dos Canàrios
10787,249.93,1997-12-19 00:00:00.000,1998-01-02 00:00:00.000,1997-12-26 00:00:00.000,La maison d'Asie,France,NULL,Toulouse,31000,1 rue Alsace-Lorraine
10788,42.70,1997-12-22 00:00:00.000,1998-01-19 00:00:00.000,1998-01-19 00:00:00.000,QUICK-Stop,Germany,NULL,Cunewalde,01307,Taucherstraße 10
10789,100.60,1997-12-22 00:00:00.000,1998-01-19 00:00:00.000,1997-12-31 00:00:00.000,Folies gourmandes,59000,Lille," chaussée de Tournai",NULL,184
10790,28.23,1997-12-22 00:00:00.000,1998-01-19 00:00:00.000,1997-12-26 00:00:00.000,Gourmet Lanchonetes,04876-786,Campinas," 442",SP,Av. Brasil
10791,16.85,1997-12-23 00:00:00.000,1998-01-20 00:00:00.000,1998-01-01 00:00:00.000,Frankenversand,Germany,NULL,München,80805,Berliner Platz 43
10792,23.79,1997-12-23 00:00:00.000,1998-01-20 00:00:00.000,1997-12-31 00:00:00.000,Wolski Zajazd,Poland,NULL,Warszawa,01-012,ul. Filtrowa 68
10793,4.52,1997-12-24 00:00:00.000,1998-01-21 00:00:00.000,1998-01-08 00:00:00.000,Around the Horn,UK,Essex,Colchester,CO7 6JX,Brook Farm Stratford St. Mary
10794,21.49,1997-12-24 00:00:00.000,1998-01-21 00:00:00.000,1998-01-02 00:00:00.000,Que Delícia,02389-673,Rio de Janeiro," 12",RJ,Rua da Panificadora
10795,126.66,1997-12-24 00:00:00.000,1998-01-21 00:00:00.000,1998-01-20 00:00:00.000,Ernst Handel,Austria,NULL,Graz,8010,Kirchgasse 6
10796,26.52,1997-12-25 00:00:00.000,1998-01-22 00:00:00.000,1998-01-14 00:00:00.000,HILARION-Abastos,Venezuela,Táchira,San Cristóbal,5022,Carrera 22 con Ave. Carlos Soublette #8-35
10797,33.35,1997-12-25 00:00:00.000,1998-01-22 00:00:00.000,1998-01-05 00:00:00.000,Drachenblut Delikatessen,Germany,NULL,Aachen,52066,Walserweg 21
10798,2.33,1997-12-26 00:00:00.000,1998-01-23 00:00:00.000,1998-01-05 00:00:00.000,Island Trading,UK,Isle of Wight,Cowes,PO31 7PJ,Garden House Crowther Way
10799,30.76,1997-12-26 00:00:00.000,1998-02-06 00:00:00.000,1998-01-05 00:00:00.000,Königlich Essen,Germany,NULL,Brandenburg,14776,Maubelstr. 90
10800,137.44,1997-12-26 00:00:00.000,1998-01-23 00:00:00.000,1998-01-05 00:00:00.000,Seven Seas Imports,UK,NULL,London,OX15 4NB,90 Wadhurst Rd.
10801,97.09,1997-12-29 00:00:00.000,1998-01-26 00:00:00.000,1997-12-31 00:00:00.000,Bólido Comidas preparadas,28023,Madrid," 67",NULL,C/ Araquil
10802,257.26,1997-12-29 00:00:00.000,1998-01-26 00:00:00.000,1998-01-02 00:00:00.000,Simons bistro,Denmark,NULL,Kobenhavn,1734,Vinbæltet 34
10803,55.23,1997-12-30 00:00:00.000,1998-01-27 00:00:00.000,1998-01-06 00:00:00.000,Wellington Importadora,08737-363,Resende," 12",SP,Rua do Mercado
10804,27.33,1997-12-30 00:00:00.000,1998-01-27 00:00:00.000,1998-01-07 00:00:00.000,Seven Seas Imports,UK,NULL,London,OX15 4NB,90 Wadhurst Rd.
10805,237.34,1997-12-30 00:00:00.000,1998-01-27 00:00:00.000,1998-01-09 00:00:00.000,The Big Cheese,USA,OR,Portland,97201,89 Jefferson Way Suite 2
10806,22.11,1997-12-31 00:00:00.000,1998-01-28 00:00:00.000,1998-01-05 00:00:00.000,Victuailles en stock,69004,Lyon," rue du Commerce",NULL,2
10807,1.36,1997-12-31 00:00:00.000,1998-01-28 00:00:00.000,1998-01-30 00:00:00.000,Franchi S.p.A.,Italy,NULL,Torino,10100,Via Monte Bianco 34
10808,45.53,1998-01-01 00:00:00.000,1998-01-29 00:00:00.000,1998-01-09 00:00:00.000,Old World Delicatessen,USA,AK,Anchorage,99508,2743 Bering St.
10809,4.87,1998-01-01 00:00:00.000,1998-01-29 00:00:00.000,1998-01-07 00:00:00.000,Wellington Importadora,08737-363,Resende," 12",SP,Rua do Mercado
10810,4.33,1998-01-01 00:00:00.000,1998-01-29 00:00:00.000,1998-01-07 00:00:00.000,Laughing Bacchus Wine Cellars,Canada,BC,Vancouver,V3F 2K1,2319 Elm St.
10811,31.22,1998-01-02 00:00:00.000,1998-01-30 00:00:00.000,1998-01-08 00:00:00.000,LINO-Delicateses,Venezuela,Nueva Esparta,I. de Margarita,4980,Ave. 5 de Mayo Porlamar
10812,59.78,1998-01-02 00:00:00.000,1998-01-30 00:00:00.000,1998-01-12 00:00:00.000,Reggiani Caseifici,Italy,NULL,Reggio Emilia,42100,Strada Provinciale 124
10813,47.38,1998-01-05 00:00:00.000,1998-02-02 00:00:00.000,1998-01-09 00:00:00.000,Ricardo Adocicados,02389-890,Rio de Janeiro," 267",RJ,Av. Copacabana
10814,130.94,1998-01-05 00:00:00.000,1998-02-02 00:00:00.000,1998-01-14 00:00:00.000,Victuailles en stock,69004,Lyon," rue du Commerce",NULL,2
10815,14.62,1998-01-05 00:00:00.000,1998-02-02 00:00:00.000,1998-01-14 00:00:00.000,Save-a-lot Markets,USA,ID,Boise,83720,187 Suffolk Ln.
10816,719.78,1998-01-06 00:00:00.000,1998-02-03 00:00:00.000,1998-02-04 00:00:00.000,Great Lakes Food Market,USA,OR,Eugene,97403,2732 Baker Blvd.
10817,306.07,1998-01-06 00:00:00.000,1998-01-20 00:00:00.000,1998-01-13 00:00:00.000,Königlich Essen,Germany,NULL,Brandenburg,14776,Maubelstr. 90
10818,65.48,1998-01-07 00:00:00.000,1998-02-04 00:00:00.000,1998-01-12 00:00:00.000,Magazzini Alimentari Riuniti,Italy,NULL,Bergamo,24100,Via Ludovico il Moro 22
10819,19.76,1998-01-07 00:00:00.000,1998-02-04 00:00:00.000,1998-01-16 00:00:00.000,Cactus Comidas para llevar,Argentina,NULL,Buenos Aires,1010,Cerrito 333
10820,37.52,1998-01-07 00:00:00.000,1998-02-04 00:00:00.000,1998-01-13 00:00:00.000,Rattlesnake Canyon Grocery,USA,NM,Albuquerque,87110,2817 Milton Dr.
10821,36.68,1998-01-08 00:00:00.000,1998-02-05 00:00:00.000,1998-01-15 00:00:00.000,Split Rail Beer & Ale,USA,WY,Lander,82520,P.O. Box 555
10822,7.00,1998-01-08 00:00:00.000,1998-02-05 00:00:00.000,1998-01-16 00:00:00.000,Trail's Head Gourmet Provisioners,USA,WA,Kirkland,98034,722 DaVinci Blvd.
10823,163.97,1998-01-09 00:00:00.000,1998-02-06 00:00:00.000,1998-01-13 00:00:00.000,LILA-Supermercado,Venezuela,Lara,Barquisimeto,3508,Carrera 52 con Ave. Bolívar #65-98 Llano Largo
10824,1.23,1998-01-09 00:00:00.000,1998-02-06 00:00:00.000,1998-01-30 00:00:00.000,Folk och fä HB,Sweden,NULL,Bräcke,S-844 67,Åkergatan 24
10825,79.25,1998-01-09 00:00:00.000,1998-02-06 00:00:00.000,1998-01-14 00:00:00.000,Drachenblut Delikatessen,Germany,NULL,Aachen,52066,Walserweg 21
10826,7.09,1998-01-12 00:00:00.000,1998-02-09 00:00:00.000,1998-02-06 00:00:00.000,Blondel père et fils,67000,Strasbourg," place Kléber",NULL,24
10827,63.54,1998-01-12 00:00:00.000,1998-01-26 00:00:00.000,1998-02-06 00:00:00.000,Bon app',13008,Marseille," rue des Bouchers",NULL,12
10828,90.85,1998-01-13 00:00:00.000,1998-01-27 00:00:00.000,1998-02-04 00:00:00.000,Rancho grande,Argentina,NULL,Buenos Aires,1010,Av. del Libertador 900
10829,154.72,1998-01-13 00:00:00.000,1998-02-10 00:00:00.000,1998-01-23 00:00:00.000,Island Trading,UK,Isle of Wight,Cowes,PO31 7PJ,Garden House Crowther Way
10830,81.83,1998-01-13 00:00:00.000,1998-02-24 00:00:00.000,1998-01-21 00:00:00.000,Tradiçao Hipermercados,05634-030,Sao Paulo," 414",SP,Av. Inês de Castro
10831,72.19,1998-01-14 00:00:00.000,1998-02-11 00:00:00.000,1998-01-23 00:00:00.000,Santé Gourmet,Norway,NULL,Stavern,4110,Erling Skakkes gate 78
10832,43.26,1998-01-14 00:00:00.000,1998-02-11 00:00:00.000,1998-01-19 00:00:00.000,La maison d'Asie,France,NULL,Toulouse,31000,1 rue Alsace-Lorraine
10833,71.49,1998-01-15 00:00:00.000,1998-02-12 00:00:00.000,1998-01-23 00:00:00.000,Ottilies Käseladen,Germany,NULL,Köln,50739,Mehrheimerstr. 369
10834,29.78,1998-01-15 00:00:00.000,1998-02-12 00:00:00.000,1998-01-19 00:00:00.000,Tradiçao Hipermercados,05634-030,Sao Paulo," 414",SP,Av. Inês de Castro
10835,69.53,1998-01-15 00:00:00.000,1998-02-12 00:00:00.000,1998-01-21 00:00:00.000,Alfred's Futterkiste,Germany,NULL,Berlin,12209,Obere Str. 57
10836,411.88,1998-01-16 00:00:00.000,1998-02-13 00:00:00.000,1998-01-21 00:00:00.000,Ernst Handel,Austria,NULL,Graz,8010,Kirchgasse 6
10837,13.32,1998-01-16 00:00:00.000,1998-02-13 00:00:00.000,1998-01-23 00:00:00.000,Berglunds snabbköp,Sweden,NULL,Luleå,S-958 22,Berguvsvägen  8
10838,59.28,1998-01-19 00:00:00.000,1998-02-16 00:00:00.000,1998-01-23 00:00:00.000,LINO-Delicateses,Venezuela,Nueva Esparta,I. de Margarita,4980,Ave. 5 de Mayo Porlamar
10839,35.43,1998-01-19 00:00:00.000,1998-02-16 00:00:00.000,1998-01-22 00:00:00.000,Tradiçao Hipermercados,05634-030,Sao Paulo," 414",SP,Av. Inês de Castro
10840,2.71,1998-01-19 00:00:00.000,1998-03-02 00:00:00.000,1998-02-16 00:00:00.000,LINO-Delicateses,Venezuela,Nueva Esparta,I. de Margarita,4980,Ave. 5 de Mayo Porlamar
10841,424.30,1998-01-20 00:00:00.000,1998-02-17 00:00:00.000,1998-01-29 00:00:00.000,Suprêmes délices,B-6000,Charleroi," 255",NULL,Boulevard Tirou
10842,54.42,1998-01-20 00:00:00.000,1998-02-17 00:00:00.000,1998-01-29 00:00:00.000,Tortuga Restaurante,Mexico,NULL,México D.F.,05033,Avda. Azteca 123
10843,9.26,1998-01-21 00:00:00.000,1998-02-18 00:00:00.000,1998-01-26 00:00:00.000,Victuailles en stock,69004,Lyon," rue du Commerce",NULL,2
10844,25.22,1998-01-21 00:00:00.000,1998-02-18 00:00:00.000,1998-01-26 00:00:00.000,Piccolo und mehr,Austria,NULL,Salzburg,5020,Geislweg 14
10845,212.98,1998-01-21 00:00:00.000,1998-02-04 00:00:00.000,1998-01-30 00:00:00.000,QUICK-Stop,Germany,NULL,Cunewalde,01307,Taucherstraße 10
10846,56.46,1998-01-22 00:00:00.000,1998-03-05 00:00:00.000,1998-01-23 00:00:00.000,Suprêmes délices,B-6000,Charleroi," 255",NULL,Boulevard Tirou
10847,487.57,1998-01-22 00:00:00.000,1998-02-05 00:00:00.000,1998-02-10 00:00:00.000,Save-a-lot Markets,USA,ID,Boise,83720,187 Suffolk Ln.
10848,38.24,1998-01-23 00:00:00.000,1998-02-20 00:00:00.000,1998-01-29 00:00:00.000,Consolidated Holdings,UK,NULL,London,WX1 6LT,Berkeley Gardens 12  Brewery
10849,0.56,1998-01-23 00:00:00.000,1998-02-20 00:00:00.000,1998-01-30 00:00:00.000,Königlich Essen,Germany,NULL,Brandenburg,14776,Maubelstr. 90
10850,49.19,1998-01-23 00:00:00.000,1998-03-06 00:00:00.000,1998-01-30 00:00:00.000,Victuailles en stock,69004,Lyon," rue du Commerce",NULL,2
10851,160.55,1998-01-26 00:00:00.000,1998-02-23 00:00:00.000,1998-02-02 00:00:00.000,Ricardo Adocicados,02389-890,Rio de Janeiro," 267",RJ,Av. Copacabana
10852,174.05,1998-01-26 00:00:00.000,1998-02-09 00:00:00.000,1998-01-30 00:00:00.000,Rattlesnake Canyon Grocery,USA,NM,Albuquerque,87110,2817 Milton Dr.
10853,53.83,1998-01-27 00:00:00.000,1998-02-24 00:00:00.000,1998-02-03 00:00:00.000,Blauer See Delikatessen,Germany,NULL,Mannheim,68306,Forsterstr. 57
10854,100.22,1998-01-27 00:00:00.000,1998-02-24 00:00:00.000,1998-02-05 00:00:00.000,Ernst Handel,Austria,NULL,Graz,8010,Kirchgasse 6
10855,170.97,1998-01-27 00:00:00.000,1998-02-24 00:00:00.000,1998-02-04 00:00:00.000,Old World Delicatessen,USA,AK,Anchorage,99508,2743 Bering St.
10856,58.43,1998-01-28 00:00:00.000,1998-02-25 00:00:00.000,1998-02-10 00:00:00.000,Antonio Moreno Taquería,Mexico,NULL,México D.F.,05023,Mataderos  2312
10857,188.85,1998-01-28 00:00:00.000,1998-02-25 00:00:00.000,1998-02-06 00:00:00.000,Berglunds snabbköp,Sweden,NULL,Luleå,S-958 22,Berguvsvägen  8
10858,52.51,1998-01-29 00:00:00.000,1998-02-26 00:00:00.000,1998-02-03 00:00:00.000,La corne d'abondance,78000,Versailles," avenue de l'Europe",NULL,67
10859,76.10,1998-01-29 00:00:00.000,1998-02-26 00:00:00.000,1998-02-02 00:00:00.000,Frankenversand,Germany,NULL,München,80805,Berliner Platz 43
10860,19.26,1998-01-29 00:00:00.000,1998-02-26 00:00:00.000,1998-02-04 00:00:00.000,France restauration,44000,Nantes," rue Royale",NULL,54
10861,14.93,1998-01-30 00:00:00.000,1998-02-27 00:00:00.000,1998-02-17 00:00:00.000,White Clover Markets,USA,WA,Seattle,98124,1029 - 12th Ave. S.
10862,53.23,1998-01-30 00:00:00.000,1998-03-13 00:00:00.000,1998-02-02 00:00:00.000,Lehmanns Marktstand,Germany,NULL,Frankfurt a.M.,60528,Magazinweg 7
10863,30.26,1998-02-02 00:00:00.000,1998-03-02 00:00:00.000,1998-02-17 00:00:00.000,HILARION-Abastos,Venezuela,Táchira,San Cristóbal,5022,Carrera 22 con Ave. Carlos Soublette #8-35
10864,3.04,1998-02-02 00:00:00.000,1998-03-02 00:00:00.000,1998-02-09 00:00:00.000,Around the Horn,UK,Essex,Colchester,CO7 6JX,Brook Farm Stratford St. Mary
10865,348.14,1998-02-02 00:00:00.000,1998-02-16 00:00:00.000,1998-02-12 00:00:00.000,QUICK-Stop,Germany,NULL,Cunewalde,01307,Taucherstraße 10
10866,109.11,1998-02-03 00:00:00.000,1998-03-03 00:00:00.000,1998-02-12 00:00:00.000,Berglunds snabbköp,Sweden,NULL,Luleå,S-958 22,Berguvsvägen  8
10867,1.93,1998-02-03 00:00:00.000,1998-03-17 00:00:00.000,1998-02-11 00:00:00.000,Lonesome Pine Restaurant,USA,OR,Portland,97219,89 Chiaroscuro Rd.
10868,191.27,1998-02-04 00:00:00.000,1998-03-04 00:00:00.000,1998-02-23 00:00:00.000,Queen Cozinha,05487-020,Sao Paulo," 891",SP,Alameda dos Canàrios
10869,143.28,1998-02-04 00:00:00.000,1998-03-04 00:00:00.000,1998-02-09 00:00:00.000,Seven Seas Imports,UK,NULL,London,OX15 4NB,90 Wadhurst Rd.
10870,12.04,1998-02-04 00:00:00.000,1998-03-04 00:00:00.000,1998-02-13 00:00:00.000,Wolski Zajazd,Poland,NULL,Warszawa,01-012,ul. Filtrowa 68
10871,112.27,1998-02-05 00:00:00.000,1998-03-05 00:00:00.000,1998-02-10 00:00:00.000,Bon app',13008,Marseille," rue des Bouchers",NULL,12
10872,175.32,1998-02-05 00:00:00.000,1998-03-05 00:00:00.000,1998-02-09 00:00:00.000,Godos Cocina Típica,41101,Sevilla," 33",NULL,C/ Romero
10873,0.82,1998-02-06 00:00:00.000,1998-03-06 00:00:00.000,1998-02-09 00:00:00.000,Wilman Kala,Finland,NULL,Helsinki,21240,Keskuskatu 45
10874,19.58,1998-02-06 00:00:00.000,1998-03-06 00:00:00.000,1998-02-11 00:00:00.000,Godos Cocina Típica,41101,Sevilla," 33",NULL,C/ Romero
10875,32.37,1998-02-06 00:00:00.000,1998-03-06 00:00:00.000,1998-03-03 00:00:00.000,Berglunds snabbköp,Sweden,NULL,Luleå,S-958 22,Berguvsvägen  8
10876,60.42,1998-02-09 00:00:00.000,1998-03-09 00:00:00.000,1998-02-12 00:00:00.000,Bon app',13008,Marseille," rue des Bouchers",NULL,12
10877,38.06,1998-02-09 00:00:00.000,1998-03-09 00:00:00.000,1998-02-19 00:00:00.000,Ricardo Adocicados,02389-890,Rio de Janeiro," 267",RJ,Av. Copacabana
10878,46.69,1998-02-10 00:00:00.000,1998-03-10 00:00:00.000,1998-02-12 00:00:00.000,QUICK-Stop,Germany,NULL,Cunewalde,01307,Taucherstraße 10
10879,8.50,1998-02-10 00:00:00.000,1998-03-10 00:00:00.000,1998-02-12 00:00:00.000,Wilman Kala,Finland,NULL,Helsinki,21240,Keskuskatu 45
10880,88.01,1998-02-10 00:00:00.000,1998-03-24 00:00:00.000,1998-02-18 00:00:00.000,Folk och fä HB,Sweden,NULL,Bräcke,S-844 67,Åkergatan 24
10881,2.84,1998-02-11 00:00:00.000,1998-03-11 00:00:00.000,1998-02-18 00:00:00.000,Cactus Comidas para llevar,Argentina,NULL,Buenos Aires,1010,Cerrito 333
10882,23.10,1998-02-11 00:00:00.000,1998-03-11 00:00:00.000,1998-02-20 00:00:00.000,Save-a-lot Markets,USA,ID,Boise,83720,187 Suffolk Ln.
10883,0.53,1998-02-12 00:00:00.000,1998-03-12 00:00:00.000,1998-02-20 00:00:00.000,Lonesome Pine Restaurant,USA,OR,Portland,97219,89 Chiaroscuro Rd.
10884,90.97,1998-02-12 00:00:00.000,1998-03-12 00:00:00.000,1998-02-13 00:00:00.000,Let's Stop N Shop,USA,CA,San Francisco,94117,87 Polk St. Suite 5
10885,5.64,1998-02-12 00:00:00.000,1998-03-12 00:00:00.000,1998-02-18 00:00:00.000,Suprêmes délices,B-6000,Charleroi," 255",NULL,Boulevard Tirou
10886,4.99,1998-02-13 00:00:00.000,1998-03-13 00:00:00.000,1998-03-02 00:00:00.000,Hanari Carnes,05454-876,Rio de Janeiro," 67",RJ,Rua do Paço
10887,1.25,1998-02-13 00:00:00.000,1998-03-13 00:00:00.000,1998-02-16 00:00:00.000,Galería del gastronómo,8022,Barcelona," 23",NULL,Rambla de Cataluña
10888,51.87,1998-02-16 00:00:00.000,1998-03-16 00:00:00.000,1998-02-23 00:00:00.000,Godos Cocina Típica,41101,Sevilla," 33",NULL,C/ Romero
10889,280.61,1998-02-16 00:00:00.000,1998-03-16 00:00:00.000,1998-02-23 00:00:00.000,Rattlesnake Canyon Grocery,USA,NM,Albuquerque,87110,2817 Milton Dr.
10890,32.76,1998-02-16 00:00:00.000,1998-03-16 00:00:00.000,1998-02-18 00:00:00.000,Du monde entier,44000,Nantes," rue des Cinquante Otages",NULL,67
10891,20.37,1998-02-17 00:00:00.000,1998-03-17 00:00:00.000,1998-02-19 00:00:00.000,Lehmanns Marktstand,Germany,NULL,Frankfurt a.M.,60528,Magazinweg 7
10892,120.27,1998-02-17 00:00:00.000,1998-03-17 00:00:00.000,1998-02-19 00:00:00.000,Maison Dewey,Belgium,NULL,Bruxelles,B-1180,Rue Joseph-Bens 532
10893,77.78,1998-02-18 00:00:00.000,1998-03-18 00:00:00.000,1998-02-20 00:00:00.000,Königlich Essen,Germany,NULL,Brandenburg,14776,Maubelstr. 90
10894,116.13,1998-02-18 00:00:00.000,1998-03-18 00:00:00.000,1998-02-20 00:00:00.000,Save-a-lot Markets,USA,ID,Boise,83720,187 Suffolk Ln.
10895,162.75,1998-02-18 00:00:00.000,1998-03-18 00:00:00.000,1998-02-23 00:00:00.000,Ernst Handel,Austria,NULL,Graz,8010,Kirchgasse 6
10896,32.45,1998-02-19 00:00:00.000,1998-03-19 00:00:00.000,1998-02-27 00:00:00.000,Maison Dewey,Belgium,NULL,Bruxelles,B-1180,Rue Joseph-Bens 532
10897,603.54,1998-02-19 00:00:00.000,1998-03-19 00:00:00.000,1998-02-25 00:00:00.000,Hungry Owl All-Night Grocers,Ireland,Co. Cork,Cork,NULL,8 Johnstown Road
10898,1.27,1998-02-20 00:00:00.000,1998-03-20 00:00:00.000,1998-03-06 00:00:00.000,Océano Atlántico Ltda.,Argentina,NULL,Buenos Aires,1010,Ing. Gustavo Moncada 8585 Piso 20-A
10899,1.21,1998-02-20 00:00:00.000,1998-03-20 00:00:00.000,1998-02-26 00:00:00.000,LILA-Supermercado,Venezuela,Lara,Barquisimeto,3508,Carrera 52 con Ave. Bolívar #65-98 Llano Largo
10900,1.66,1998-02-20 00:00:00.000,1998-03-20 00:00:00.000,1998-03-04 00:00:00.000,Wellington Importadora,08737-363,Resende," 12",SP,Rua do Mercado
10901,62.09,1998-02-23 00:00:00.000,1998-03-23 00:00:00.000,1998-02-26 00:00:00.000,HILARION-Abastos,Venezuela,Táchira,San Cristóbal,5022,Carrera 22 con Ave. Carlos Soublette #8-35
10902,44.15,1998-02-23 00:00:00.000,1998-03-23 00:00:00.000,1998-03-03 00:00:00.000,Folk och fä HB,Sweden,NULL,Bräcke,S-844 67,Åkergatan 24
10903,36.71,1998-02-24 00:00:00.000,1998-03-24 00:00:00.000,1998-03-04 00:00:00.000,Hanari Carnes,05454-876,Rio de Janeiro," 67",RJ,Rua do Paço
10904,162.95,1998-02-24 00:00:00.000,1998-03-24 00:00:00.000,1998-02-27 00:00:00.000,White Clover Markets,USA,WA,Seattle,98124,1029 - 12th Ave. S.
10905,13.72,1998-02-24 00:00:00.000,1998-03-24 00:00:00.000,1998-03-06 00:00:00.000,Wellington Importadora,08737-363,Resende," 12",SP,Rua do Mercado
10906,26.29,1998-02-25 00:00:00.000,1998-03-11 00:00:00.000,1998-03-03 00:00:00.000,Wolski Zajazd,Poland,NULL,Warszawa,01-012,ul. Filtrowa 68
10907,9.19,1998-02-25 00:00:00.000,1998-03-25 00:00:00.000,1998-02-27 00:00:00.000,Spécialités du monde,75016,Paris," rue Lauriston",NULL,25
10908,32.96,1998-02-26 00:00:00.000,1998-03-26 00:00:00.000,1998-03-06 00:00:00.000,Reggiani Caseifici,Italy,NULL,Reggio Emilia,42100,Strada Provinciale 124
10909,53.05,1998-02-26 00:00:00.000,1998-03-26 00:00:00.000,1998-03-10 00:00:00.000,Santé Gourmet,Norway,NULL,Stavern,4110,Erling Skakkes gate 78
10910,38.11,1998-02-26 00:00:00.000,1998-03-26 00:00:00.000,1998-03-04 00:00:00.000,Wilman Kala,Finland,NULL,Helsinki,21240,Keskuskatu 45
10911,38.19,1998-02-26 00:00:00.000,1998-03-26 00:00:00.000,1998-03-05 00:00:00.000,Godos Cocina Típica,41101,Sevilla," 33",NULL,C/ Romero
10912,580.91,1998-02-26 00:00:00.000,1998-03-26 00:00:00.000,1998-03-18 00:00:00.000,Hungry Owl All-Night Grocers,Ireland,Co. Cork,Cork,NULL,8 Johnstown Road
10913,33.05,1998-02-26 00:00:00.000,1998-03-26 00:00:00.000,1998-03-04 00:00:00.000,Queen Cozinha,05487-020,Sao Paulo," 891",SP,Alameda dos Canàrios
10914,21.19,1998-02-27 00:00:00.000,1998-03-27 00:00:00.000,1998-03-02 00:00:00.000,Queen Cozinha,05487-020,Sao Paulo," 891",SP,Alameda dos Canàrios
10915,3.51,1998-02-27 00:00:00.000,1998-03-27 00:00:00.000,1998-03-02 00:00:00.000,Tortuga Restaurante,Mexico,NULL,México D.F.,05033,Avda. Azteca 123
10916,63.77,1998-02-27 00:00:00.000,1998-03-27 00:00:00.000,1998-03-09 00:00:00.000,Rancho grande,Argentina,NULL,Buenos Aires,1010,Av. del Libertador 900
10917,8.29,1998-03-02 00:00:00.000,1998-03-30 00:00:00.000,1998-03-11 00:00:00.000,Romero y tomillo,28001,Madrid," 1",NULL,Gran Vía
10918,48.83,1998-03-02 00:00:00.000,1998-03-30 00:00:00.000,1998-03-11 00:00:00.000,Bottom-Dollar Markets,Canada,BC,Tsawassen,T2F 8M4,23 Tsawassen Blvd.
10919,19.80,1998-03-02 00:00:00.000,1998-03-30 00:00:00.000,1998-03-04 00:00:00.000,LINO-Delicateses,Venezuela,Nueva Esparta,I. de Margarita,4980,Ave. 5 de Mayo Porlamar
10920,29.61,1998-03-03 00:00:00.000,1998-03-31 00:00:00.000,1998-03-09 00:00:00.000,Around the Horn,UK,Essex,Colchester,CO7 6JX,Brook Farm Stratford St. Mary
10921,176.48,1998-03-03 00:00:00.000,1998-04-14 00:00:00.000,1998-03-09 00:00:00.000,Vaffeljernet,Denmark,NULL,Århus,8200,Smagsloget 45
10922,62.74,1998-03-03 00:00:00.000,1998-03-31 00:00:00.000,1998-03-05 00:00:00.000,Hanari Carnes,05454-876,Rio de Janeiro," 67",RJ,Rua do Paço
10923,68.26,1998-03-03 00:00:00.000,1998-04-14 00:00:00.000,1998-03-13 00:00:00.000,La maison d'Asie,France,NULL,Toulouse,31000,1 rue Alsace-Lorraine
10924,151.52,1998-03-04 00:00:00.000,1998-04-01 00:00:00.000,1998-04-08 00:00:00.000,Berglunds snabbköp,Sweden,NULL,Luleå,S-958 22,Berguvsvägen  8
10925,2.27,1998-03-04 00:00:00.000,1998-04-01 00:00:00.000,1998-03-13 00:00:00.000,Hanari Carnes,05454-876,Rio de Janeiro," 67",RJ,Rua do Paço
10926,39.92,1998-03-04 00:00:00.000,1998-04-01 00:00:00.000,1998-03-11 00:00:00.000,Ana Trujillo Emparedados y helados,Mexico,NULL,México D.F.,05021,Avda. de la Constitución 2222
10927,19.79,1998-03-05 00:00:00.000,1998-04-02 00:00:00.000,1998-04-08 00:00:00.000,La corne d'abondance,78000,Versailles," avenue de l'Europe",NULL,67
10928,1.36,1998-03-05 00:00:00.000,1998-04-02 00:00:00.000,1998-03-18 00:00:00.000,Galería del gastronómo,8022,Barcelona," 23",NULL,Rambla de Cataluña
10929,33.93,1998-03-05 00:00:00.000,1998-04-02 00:00:00.000,1998-03-12 00:00:00.000,Frankenversand,Germany,NULL,München,80805,Berliner Platz 43
10930,15.55,1998-03-06 00:00:00.000,1998-04-17 00:00:00.000,1998-03-18 00:00:00.000,Suprêmes délices,B-6000,Charleroi," 255",NULL,Boulevard Tirou
10931,13.60,1998-03-06 00:00:00.000,1998-03-20 00:00:00.000,1998-03-19 00:00:00.000,Richter Supermarkt,Switzerland,NULL,Genève,1204,Starenweg 5
10932,134.64,1998-03-06 00:00:00.000,1998-04-03 00:00:00.000,1998-03-24 00:00:00.000,Bon app',13008,Marseille," rue des Bouchers",NULL,12
10933,54.15,1998-03-06 00:00:00.000,1998-04-03 00:00:00.000,1998-03-16 00:00:00.000,Island Trading,UK,Isle of Wight,Cowes,PO31 7PJ,Garden House Crowther Way
10934,32.01,1998-03-09 00:00:00.000,1998-04-06 00:00:00.000,1998-03-12 00:00:00.000,Lehmanns Marktstand,Germany,NULL,Frankfurt a.M.,60528,Magazinweg 7
10935,47.59,1998-03-09 00:00:00.000,1998-04-06 00:00:00.000,1998-03-18 00:00:00.000,Wellington Importadora,08737-363,Resende," 12",SP,Rua do Mercado
10936,33.68,1998-03-09 00:00:00.000,1998-04-06 00:00:00.000,1998-03-18 00:00:00.000,Great Lakes Food Market,USA,OR,Eugene,97403,2732 Baker Blvd.
10937,31.51,1998-03-10 00:00:00.000,1998-03-24 00:00:00.000,1998-03-13 00:00:00.000,Cactus Comidas para llevar,Argentina,NULL,Buenos Aires,1010,Cerrito 333
10938,31.89,1998-03-10 00:00:00.000,1998-04-07 00:00:00.000,1998-03-16 00:00:00.000,QUICK-Stop,Germany,NULL,Cunewalde,01307,Taucherstraße 10
10939,76.33,1998-03-10 00:00:00.000,1998-04-07 00:00:00.000,1998-03-13 00:00:00.000,Magazzini Alimentari Riuniti,Italy,NULL,Bergamo,24100,Via Ludovico il Moro 22
10940,19.77,1998-03-11 00:00:00.000,1998-04-08 00:00:00.000,1998-03-23 00:00:00.000,Bon app',13008,Marseille," rue des Bouchers",NULL,12
10941,400.81,1998-03-11 00:00:00.000,1998-04-08 00:00:00.000,1998-03-20 00:00:00.000,Save-a-lot Markets,USA,ID,Boise,83720,187 Suffolk Ln.
10942,17.95,1998-03-11 00:00:00.000,1998-04-08 00:00:00.000,1998-03-18 00:00:00.000,Reggiani Caseifici,Italy,NULL,Reggio Emilia,42100,Strada Provinciale 124
10943,2.17,1998-03-11 00:00:00.000,1998-04-08 00:00:00.000,1998-03-19 00:00:00.000,B's Beverages,UK,NULL,London,EC2 5NT,Fauntleroy Circus
10944,52.92,1998-03-12 00:00:00.000,1998-03-26 00:00:00.000,1998-03-13 00:00:00.000,Bottom-Dollar Markets,Canada,BC,Tsawassen,T2F 8M4,23 Tsawassen Blvd.
10945,10.22,1998-03-12 00:00:00.000,1998-04-09 00:00:00.000,1998-03-18 00:00:00.000,Morgenstern Gesundkost,Germany,NULL,Leipzig,04179,Heerstr. 22
10946,27.20,1998-03-12 00:00:00.000,1998-04-09 00:00:00.000,1998-03-19 00:00:00.000,Vaffeljernet,Denmark,NULL,Århus,8200,Smagsloget 45
10947,3.26,1998-03-13 00:00:00.000,1998-04-10 00:00:00.000,1998-03-16 00:00:00.000,B's Beverages,UK,NULL,London,EC2 5NT,Fauntleroy Circus
10948,23.39,1998-03-13 00:00:00.000,1998-04-10 00:00:00.000,1998-03-19 00:00:00.000,Godos Cocina Típica,41101,Sevilla," 33",NULL,C/ Romero
10949,74.44,1998-03-13 00:00:00.000,1998-04-10 00:00:00.000,1998-03-17 00:00:00.000,Bottom-Dollar Markets,Canada,BC,Tsawassen,T2F 8M4,23 Tsawassen Blvd.
10950,2.50,1998-03-16 00:00:00.000,1998-04-13 00:00:00.000,1998-03-23 00:00:00.000,Magazzini Alimentari Riuniti,Italy,NULL,Bergamo,24100,Via Ludovico il Moro 22
10951,30.85,1998-03-16 00:00:00.000,1998-04-27 00:00:00.000,1998-04-07 00:00:00.000,Richter Supermarkt,Switzerland,NULL,Genève,1204,Starenweg 5
10952,40.42,1998-03-16 00:00:00.000,1998-04-27 00:00:00.000,1998-03-24 00:00:00.000,Alfred's Futterkiste,Germany,NULL,Berlin,12209,Obere Str. 57
10953,23.72,1998-03-16 00:00:00.000,1998-03-30 00:00:00.000,1998-03-25 00:00:00.000,Around the Horn,UK,Essex,Colchester,CO7 6JX,Brook Farm Stratford St. Mary
10954,27.91,1998-03-17 00:00:00.000,1998-04-28 00:00:00.000,1998-03-20 00:00:00.000,LINO-Delicateses,Venezuela,Nueva Esparta,I. de Margarita,4980,Ave. 5 de Mayo Porlamar
10955,3.26,1998-03-17 00:00:00.000,1998-04-14 00:00:00.000,1998-03-20 00:00:00.000,Folk och fä HB,Sweden,NULL,Bräcke,S-844 67,Åkergatan 24
10956,44.65,1998-03-17 00:00:00.000,1998-04-28 00:00:00.000,1998-03-20 00:00:00.000,Blauer See Delikatessen,Germany,NULL,Mannheim,68306,Forsterstr. 57
10957,105.36,1998-03-18 00:00:00.000,1998-04-15 00:00:00.000,1998-03-27 00:00:00.000,HILARION-Abastos,Venezuela,Táchira,San Cristóbal,5022,Carrera 22 con Ave. Carlos Soublette #8-35
10958,49.56,1998-03-18 00:00:00.000,1998-04-15 00:00:00.000,1998-03-27 00:00:00.000,Océano Atlántico Ltda.,Argentina,NULL,Buenos Aires,1010,Ing. Gustavo Moncada 8585 Piso 20-A
10959,4.98,1998-03-18 00:00:00.000,1998-04-29 00:00:00.000,1998-03-23 00:00:00.000,Gourmet Lanchonetes,04876-786,Campinas," 442",SP,Av. Brasil
10960,2.08,1998-03-19 00:00:00.000,1998-04-02 00:00:00.000,1998-04-08 00:00:00.000,HILARION-Abastos,Venezuela,Táchira,San Cristóbal,5022,Carrera 22 con Ave. Carlos Soublette #8-35
10961,104.47,1998-03-19 00:00:00.000,1998-04-16 00:00:00.000,1998-03-30 00:00:00.000,Queen Cozinha,05487-020,Sao Paulo," 891",SP,Alameda dos Canàrios
10962,275.79,1998-03-19 00:00:00.000,1998-04-16 00:00:00.000,1998-03-23 00:00:00.000,QUICK-Stop,Germany,NULL,Cunewalde,01307,Taucherstraße 10
10963,2.70,1998-03-19 00:00:00.000,1998-04-16 00:00:00.000,1998-03-26 00:00:00.000,Furia Bacalhau e Frutos do Mar,Portugal,NULL,Lisboa,1675,Jardim das rosas n. 32
10964,87.38,1998-03-20 00:00:00.000,1998-04-17 00:00:00.000,1998-03-24 00:00:00.000,Spécialités du monde,75016,Paris," rue Lauriston",NULL,25
10965,144.38,1998-03-20 00:00:00.000,1998-04-17 00:00:00.000,1998-03-30 00:00:00.000,Old World Delicatessen,USA,AK,Anchorage,99508,2743 Bering St.
10966,27.19,1998-03-20 00:00:00.000,1998-04-17 00:00:00.000,1998-04-08 00:00:00.000,Chop-suey Chinese,Switzerland,NULL,Bern,3012,Hauptstr. 31
10967,62.22,1998-03-23 00:00:00.000,1998-04-20 00:00:00.000,1998-04-02 00:00:00.000,Toms Spezialitäten,Germany,NULL,Münster,44087,Luisenstr. 48
10968,74.60,1998-03-23 00:00:00.000,1998-04-20 00:00:00.000,1998-04-01 00:00:00.000,Ernst Handel,Austria,NULL,Graz,8010,Kirchgasse 6
10969,0.21,1998-03-23 00:00:00.000,1998-04-20 00:00:00.000,1998-03-30 00:00:00.000,Comércio Mineiro,05432-043,Sao Paulo," 23",SP,Av. dos Lusíadas
10970,16.16,1998-03-24 00:00:00.000,1998-04-07 00:00:00.000,1998-04-24 00:00:00.000,Bólido Comidas preparadas,28023,Madrid," 67",NULL,C/ Araquil
10971,121.82,1998-03-24 00:00:00.000,1998-04-21 00:00:00.000,1998-04-02 00:00:00.000,France restauration,44000,Nantes," rue Royale",NULL,54
10972,0.02,1998-03-24 00:00:00.000,1998-04-21 00:00:00.000,1998-03-26 00:00:00.000,La corne d'abondance,78000,Versailles," avenue de l'Europe",NULL,67
10973,15.17,1998-03-24 00:00:00.000,1998-04-21 00:00:00.000,1998-03-27 00:00:00.000,La corne d'abondance,78000,Versailles," avenue de l'Europe",NULL,67
10974,12.96,1998-03-25 00:00:00.000,1998-04-08 00:00:00.000,1998-04-03 00:00:00.000,Split Rail Beer & Ale,USA,WY,Lander,82520,P.O. Box 555
10975,32.27,1998-03-25 00:00:00.000,1998-04-22 00:00:00.000,1998-03-27 00:00:00.000,Bottom-Dollar Markets,Canada,BC,Tsawassen,T2F 8M4,23 Tsawassen Blvd.
10976,37.97,1998-03-25 00:00:00.000,1998-05-06 00:00:00.000,1998-04-03 00:00:00.000,HILARION-Abastos,Venezuela,Táchira,San Cristóbal,5022,Carrera 22 con Ave. Carlos Soublette #8-35
10977,208.50,1998-03-26 00:00:00.000,1998-04-23 00:00:00.000,1998-04-10 00:00:00.000,Folk och fä HB,Sweden,NULL,Bräcke,S-844 67,Åkergatan 24
10978,32.82,1998-03-26 00:00:00.000,1998-04-23 00:00:00.000,1998-04-23 00:00:00.000,Maison Dewey,Belgium,NULL,Bruxelles,B-1180,Rue Joseph-Bens 532
10979,353.07,1998-03-26 00:00:00.000,1998-04-23 00:00:00.000,1998-03-31 00:00:00.000,Ernst Handel,Austria,NULL,Graz,8010,Kirchgasse 6
10980,1.26,1998-03-27 00:00:00.000,1998-05-08 00:00:00.000,1998-04-17 00:00:00.000,Folk och fä HB,Sweden,NULL,Bräcke,S-844 67,Åkergatan 24
10981,193.37,1998-03-27 00:00:00.000,1998-04-24 00:00:00.000,1998-04-02 00:00:00.000,Hanari Carnes,05454-876,Rio de Janeiro," 67",RJ,Rua do Paço
10982,14.01,1998-03-27 00:00:00.000,1998-04-24 00:00:00.000,1998-04-08 00:00:00.000,Bottom-Dollar Markets,Canada,BC,Tsawassen,T2F 8M4,23 Tsawassen Blvd.
10983,657.54,1998-03-27 00:00:00.000,1998-04-24 00:00:00.000,1998-04-06 00:00:00.000,Save-a-lot Markets,USA,ID,Boise,83720,187 Suffolk Ln.
10984,211.22,1998-03-30 00:00:00.000,1998-04-27 00:00:00.000,1998-04-03 00:00:00.000,Save-a-lot Markets,USA,ID,Boise,83720,187 Suffolk Ln.
10985,91.51,1998-03-30 00:00:00.000,1998-04-27 00:00:00.000,1998-04-02 00:00:00.000,Hungry Owl All-Night Grocers,Ireland,Co. Cork,Cork,NULL,8 Johnstown Road
10986,217.86,1998-03-30 00:00:00.000,1998-04-27 00:00:00.000,1998-04-21 00:00:00.000,Océano Atlántico Ltda.,Argentina,NULL,Buenos Aires,1010,Ing. Gustavo Moncada 8585 Piso 20-A
10987,185.48,1998-03-31 00:00:00.000,1998-04-28 00:00:00.000,1998-04-06 00:00:00.000,Eastern Connection,UK,NULL,London,WX3 6FW,35 King George
10988,61.14,1998-03-31 00:00:00.000,1998-04-28 00:00:00.000,1998-04-10 00:00:00.000,Rattlesnake Canyon Grocery,USA,NM,Albuquerque,87110,2817 Milton Dr.
10989,34.76,1998-03-31 00:00:00.000,1998-04-28 00:00:00.000,1998-04-02 00:00:00.000,Que Delícia,02389-673,Rio de Janeiro," 12",RJ,Rua da Panificadora
10990,117.61,1998-04-01 00:00:00.000,1998-05-13 00:00:00.000,1998-04-07 00:00:00.000,Ernst Handel,Austria,NULL,Graz,8010,Kirchgasse 6
10991,38.51,1998-04-01 00:00:00.000,1998-04-29 00:00:00.000,1998-04-07 00:00:00.000,QUICK-Stop,Germany,NULL,Cunewalde,01307,Taucherstraße 10
10992,4.27,1998-04-01 00:00:00.000,1998-04-29 00:00:00.000,1998-04-03 00:00:00.000,The Big Cheese,USA,OR,Portland,97201,89 Jefferson Way Suite 2
10993,8.81,1998-04-01 00:00:00.000,1998-04-29 00:00:00.000,1998-04-10 00:00:00.000,Folk och fä HB,Sweden,NULL,Bräcke,S-844 67,Åkergatan 24
10994,65.53,1998-04-02 00:00:00.000,1998-04-16 00:00:00.000,1998-04-09 00:00:00.000,Vaffeljernet,Denmark,NULL,Århus,8200,Smagsloget 45
10995,46.00,1998-04-02 00:00:00.000,1998-04-30 00:00:00.000,1998-04-06 00:00:00.000,Pericles Comidas clásicas,Mexico,NULL,México D.F.,05033,Calle Dr. Jorge Cash 321
10996,1.12,1998-04-02 00:00:00.000,1998-04-30 00:00:00.000,1998-04-10 00:00:00.000,QUICK-Stop,Germany,NULL,Cunewalde,01307,Taucherstraße 10
10997,73.91,1998-04-03 00:00:00.000,1998-05-15 00:00:00.000,1998-04-13 00:00:00.000,LILA-Supermercado,Venezuela,Lara,Barquisimeto,3508,Carrera 52 con Ave. Bolívar #65-98 Llano Largo
10998,20.31,1998-04-03 00:00:00.000,1998-04-17 00:00:00.000,1998-04-17 00:00:00.000,Wolski Zajazd,Poland,NULL,Warszawa,01-012,ul. Filtrowa 68
10999,96.35,1998-04-03 00:00:00.000,1998-05-01 00:00:00.000,1998-04-10 00:00:00.000,Ottilies Käseladen,Germany,NULL,Köln,50739,Mehrheimerstr. 369
11000,55.12,1998-04-06 00:00:00.000,1998-05-04 00:00:00.000,1998-04-14 00:00:00.000,Rattlesnake Canyon Grocery,USA,NM,Albuquerque,87110,2817 Milton Dr.
11001,197.30,1998-04-06 00:00:00.000,1998-05-04 00:00:00.000,1998-04-14 00:00:00.000,Folk och fä HB,Sweden,NULL,Bräcke,S-844 67,Åkergatan 24
11002,141.16,1998-04-06 00:00:00.000,1998-05-04 00:00:00.000,1998-04-16 00:00:00.000,Save-a-lot Markets,USA,ID,Boise,83720,187 Suffolk Ln.
11003,14.91,1998-04-06 00:00:00.000,1998-05-04 00:00:00.000,1998-04-08 00:00:00.000,The Cracker Box,USA,MT,Butte,59801,55 Grizzly Peak Rd.
11004,44.84,1998-04-07 00:00:00.000,1998-05-05 00:00:00.000,1998-04-20 00:00:00.000,Maison Dewey,Belgium,NULL,Bruxelles,B-1180,Rue Joseph-Bens 532
11005,0.75,1998-04-07 00:00:00.000,1998-05-05 00:00:00.000,1998-04-10 00:00:00.000,Wilman Kala,Finland,NULL,Helsinki,21240,Keskuskatu 45
11006,25.19,1998-04-07 00:00:00.000,1998-05-05 00:00:00.000,1998-04-15 00:00:00.000,Great Lakes Food Market,USA,OR,Eugene,97403,2732 Baker Blvd.
11007,202.24,1998-04-08 00:00:00.000,1998-05-06 00:00:00.000,1998-04-13 00:00:00.000,Princesa Isabel Vinhos,Portugal,NULL,Lisboa,1756,Estrada da saúde n. 58
11008,79.46,1998-04-08 00:00:00.000,1998-05-06 00:00:00.000,NULL,Ernst Handel,Austria,NULL,Graz,8010,Kirchgasse 6
11009,59.11,1998-04-08 00:00:00.000,1998-05-06 00:00:00.000,1998-04-10 00:00:00.000,Godos Cocina Típica,41101,Sevilla," 33",NULL,C/ Romero
11010,28.71,1998-04-09 00:00:00.000,1998-05-07 00:00:00.000,1998-04-21 00:00:00.000,Reggiani Caseifici,Italy,NULL,Reggio Emilia,42100,Strada Provinciale 124
11011,1.21,1998-04-09 00:00:00.000,1998-05-07 00:00:00.000,1998-04-13 00:00:00.000,Alfred's Futterkiste,Germany,NULL,Berlin,12209,Obere Str. 57
11012,242.95,1998-04-09 00:00:00.000,1998-04-23 00:00:00.000,1998-04-17 00:00:00.000,Frankenversand,Germany,NULL,München,80805,Berliner Platz 43
11013,32.99,1998-04-09 00:00:00.000,1998-05-07 00:00:00.000,1998-04-10 00:00:00.000,Romero y tomillo,28001,Madrid," 1",NULL,Gran Vía
11014,23.60,1998-04-10 00:00:00.000,1998-05-08 00:00:00.000,1998-04-15 00:00:00.000,LINO-Delicateses,Venezuela,Nueva Esparta,I. de Margarita,4980,Ave. 5 de Mayo Porlamar
11015,4.62,1998-04-10 00:00:00.000,1998-04-24 00:00:00.000,1998-04-20 00:00:00.000,Santé Gourmet,Norway,NULL,Stavern,4110,Erling Skakkes gate 78
11016,33.80,1998-04-10 00:00:00.000,1998-05-08 00:00:00.000,1998-04-13 00:00:00.000,Around the Horn,UK,Essex,Colchester,CO7 6JX,Brook Farm Stratford St. Mary
11017,754.26,1998-04-13 00:00:00.000,1998-05-11 00:00:00.000,1998-04-20 00:00:00.000,Ernst Handel,Austria,NULL,Graz,8010,Kirchgasse 6
11018,11.65,1998-04-13 00:00:00.000,1998-05-11 00:00:00.000,1998-04-16 00:00:00.000,Lonesome Pine Restaurant,USA,OR,Portland,97219,89 Chiaroscuro Rd.
11019,3.17,1998-04-13 00:00:00.000,1998-05-11 00:00:00.000,NULL,Rancho grande,Argentina,NULL,Buenos Aires,1010,Av. del Libertador 900
11020,43.30,1998-04-14 00:00:00.000,1998-05-12 00:00:00.000,1998-04-16 00:00:00.000,Ottilies Käseladen,Germany,NULL,Köln,50739,Mehrheimerstr. 369
11021,297.18,1998-04-14 00:00:00.000,1998-05-12 00:00:00.000,1998-04-21 00:00:00.000,QUICK-Stop,Germany,NULL,Cunewalde,01307,Taucherstraße 10
11022,6.27,1998-04-14 00:00:00.000,1998-05-12 00:00:00.000,1998-05-04 00:00:00.000,Hanari Carnes,05454-876,Rio de Janeiro," 67",RJ,Rua do Paço
11023,123.83,1998-04-14 00:00:00.000,1998-04-28 00:00:00.000,1998-04-24 00:00:00.000,B's Beverages,UK,NULL,London,EC2 5NT,Fauntleroy Circus
11024,74.36,1998-04-15 00:00:00.000,1998-05-13 00:00:00.000,1998-04-20 00:00:00.000,Eastern Connection,UK,NULL,London,WX3 6FW,35 King George
11025,29.17,1998-04-15 00:00:00.000,1998-05-13 00:00:00.000,1998-04-24 00:00:00.000,Wartian Herkku,Finland,NULL,Oulu,90110,Torikatu 38
11026,47.09,1998-04-15 00:00:00.000,1998-05-13 00:00:00.000,1998-04-28 00:00:00.000,Franchi S.p.A.,Italy,NULL,Torino,10100,Via Monte Bianco 34
11027,52.52,1998-04-16 00:00:00.000,1998-05-14 00:00:00.000,1998-04-20 00:00:00.000,Bottom-Dollar Markets,Canada,BC,Tsawassen,T2F 8M4,23 Tsawassen Blvd.
11028,29.59,1998-04-16 00:00:00.000,1998-05-14 00:00:00.000,1998-04-22 00:00:00.000,Königlich Essen,Germany,NULL,Brandenburg,14776,Maubelstr. 90
11029,47.84,1998-04-16 00:00:00.000,1998-05-14 00:00:00.000,1998-04-27 00:00:00.000,Chop-suey Chinese,Switzerland,NULL,Bern,3012,Hauptstr. 31
11030,830.75,1998-04-17 00:00:00.000,1998-05-15 00:00:00.000,1998-04-27 00:00:00.000,Save-a-lot Markets,USA,ID,Boise,83720,187 Suffolk Ln.
11031,227.22,1998-04-17 00:00:00.000,1998-05-15 00:00:00.000,1998-04-24 00:00:00.000,Save-a-lot Markets,USA,ID,Boise,83720,187 Suffolk Ln.
11032,606.19,1998-04-17 00:00:00.000,1998-05-15 00:00:00.000,1998-04-23 00:00:00.000,White Clover Markets,USA,WA,Seattle,98124,1029 - 12th Ave. S.
11033,84.74,1998-04-17 00:00:00.000,1998-05-15 00:00:00.000,1998-04-23 00:00:00.000,Richter Supermarkt,Switzerland,NULL,Genève,1204,Starenweg 5
11034,40.32,1998-04-20 00:00:00.000,1998-06-01 00:00:00.000,1998-04-27 00:00:00.000,Old World Delicatessen,USA,AK,Anchorage,99508,2743 Bering St.
11035,0.17,1998-04-20 00:00:00.000,1998-05-18 00:00:00.000,1998-04-24 00:00:00.000,Suprêmes délices,B-6000,Charleroi," 255",NULL,Boulevard Tirou
11036,149.47,1998-04-20 00:00:00.000,1998-05-18 00:00:00.000,1998-04-22 00:00:00.000,Drachenblut Delikatessen,Germany,NULL,Aachen,52066,Walserweg 21
11037,3.20,1998-04-21 00:00:00.000,1998-05-19 00:00:00.000,1998-04-27 00:00:00.000,Godos Cocina Típica,41101,Sevilla," 33",NULL,C/ Romero
11038,29.59,1998-04-21 00:00:00.000,1998-05-19 00:00:00.000,1998-04-30 00:00:00.000,Suprêmes délices,B-6000,Charleroi," 255",NULL,Boulevard Tirou
11039,65.00,1998-04-21 00:00:00.000,1998-05-19 00:00:00.000,NULL,LINO-Delicateses,Venezuela,Nueva Esparta,I. de Margarita,4980,Ave. 5 de Mayo Porlamar
11040,18.84,1998-04-22 00:00:00.000,1998-05-20 00:00:00.000,NULL,Great Lakes Food Market,USA,OR,Eugene,97403,2732 Baker Blvd.
11041,48.22,1998-04-22 00:00:00.000,1998-05-20 00:00:00.000,1998-04-28 00:00:00.000,Chop-suey Chinese,Switzerland,NULL,Bern,3012,Hauptstr. 31
11042,29.99,1998-04-22 00:00:00.000,1998-05-06 00:00:00.000,1998-05-01 00:00:00.000,Comércio Mineiro,05432-043,Sao Paulo," 23",SP,Av. dos Lusíadas
11043,8.80,1998-04-22 00:00:00.000,1998-05-20 00:00:00.000,1998-04-29 00:00:00.000,Spécialités du monde,75016,Paris," rue Lauriston",NULL,25
11044,8.72,1998-04-23 00:00:00.000,1998-05-21 00:00:00.000,1998-05-01 00:00:00.000,Wolski Zajazd,Poland,NULL,Warszawa,01-012,ul. Filtrowa 68
11045,70.58,1998-04-23 00:00:00.000,1998-05-21 00:00:00.000,NULL,Bottom-Dollar Markets,Canada,BC,Tsawassen,T2F 8M4,23 Tsawassen Blvd.
11046,71.64,1998-04-23 00:00:00.000,1998-05-21 00:00:00.000,1998-04-24 00:00:00.000,Die Wandernde Kuh,Germany,NULL,Stuttgart,70563,Adenauerallee 900
11047,46.62,1998-04-24 00:00:00.000,1998-05-22 00:00:00.000,1998-05-01 00:00:00.000,Eastern Connection,UK,NULL,London,WX3 6FW,35 King George
11048,24.12,1998-04-24 00:00:00.000,1998-05-22 00:00:00.000,1998-04-30 00:00:00.000,Bottom-Dollar Markets,Canada,BC,Tsawassen,T2F 8M4,23 Tsawassen Blvd.
11049,8.34,1998-04-24 00:00:00.000,1998-05-22 00:00:00.000,1998-05-04 00:00:00.000,Gourmet Lanchonetes,04876-786,Campinas," 442",SP,Av. Brasil
11050,59.41,1998-04-27 00:00:00.000,1998-05-25 00:00:00.000,1998-05-05 00:00:00.000,Folk och fä HB,Sweden,NULL,Bräcke,S-844 67,Åkergatan 24
11051,2.79,1998-04-27 00:00:00.000,1998-05-25 00:00:00.000,NULL,La maison d'Asie,France,NULL,Toulouse,31000,1 rue Alsace-Lorraine
11052,67.26,1998-04-27 00:00:00.000,1998-05-25 00:00:00.000,1998-05-01 00:00:00.000,Hanari Carnes,05454-876,Rio de Janeiro," 67",RJ,Rua do Paço
11053,53.05,1998-04-27 00:00:00.000,1998-05-25 00:00:00.000,1998-04-29 00:00:00.000,Piccolo und mehr,Austria,NULL,Salzburg,5020,Geislweg 14
11054,0.33,1998-04-28 00:00:00.000,1998-05-26 00:00:00.000,NULL,Cactus Comidas para llevar,Argentina,NULL,Buenos Aires,1010,Cerrito 333
11055,120.92,1998-04-28 00:00:00.000,1998-05-26 00:00:00.000,1998-05-05 00:00:00.000,HILARION-Abastos,Venezuela,Táchira,San Cristóbal,5022,Carrera 22 con Ave. Carlos Soublette #8-35
11056,278.96,1998-04-28 00:00:00.000,1998-05-12 00:00:00.000,1998-05-01 00:00:00.000,Eastern Connection,UK,NULL,London,WX3 6FW,35 King George
11057,4.13,1998-04-29 00:00:00.000,1998-05-27 00:00:00.000,1998-05-01 00:00:00.000,North/South,UK,NULL,London,SW7 1RZ,South House 300 Queensbridge
11058,31.14,1998-04-29 00:00:00.000,1998-05-27 00:00:00.000,NULL,Blauer See Delikatessen,Germany,NULL,Mannheim,68306,Forsterstr. 57
11059,85.80,1998-04-29 00:00:00.000,1998-06-10 00:00:00.000,NULL,Ricardo Adocicados,02389-890,Rio de Janeiro," 267",RJ,Av. Copacabana
11060,10.98,1998-04-30 00:00:00.000,1998-05-28 00:00:00.000,1998-05-04 00:00:00.000,Franchi S.p.A.,Italy,NULL,Torino,10100,Via Monte Bianco 34
11061,14.01,1998-04-30 00:00:00.000,1998-06-11 00:00:00.000,NULL,Great Lakes Food Market,USA,OR,Eugene,97403,2732 Baker Blvd.
11062,29.93,1998-04-30 00:00:00.000,1998-05-28 00:00:00.000,NULL,Reggiani Caseifici,Italy,NULL,Reggio Emilia,42100,Strada Provinciale 124
11063,81.73,1998-04-30 00:00:00.000,1998-05-28 00:00:00.000,1998-05-06 00:00:00.000,Hungry Owl All-Night Grocers,Ireland,Co. Cork,Cork,NULL,8 Johnstown Road
11064,30.09,1998-05-01 00:00:00.000,1998-05-29 00:00:00.000,1998-05-04 00:00:00.000,Save-a-lot Markets,USA,ID,Boise,83720,187 Suffolk Ln.
11065,12.91,1998-05-01 00:00:00.000,1998-05-29 00:00:00.000,NULL,LILA-Supermercado,Venezuela,Lara,Barquisimeto,3508,Carrera 52 con Ave. Bolívar #65-98 Llano Largo
11066,44.72,1998-05-01 00:00:00.000,1998-05-29 00:00:00.000,1998-05-04 00:00:00.000,White Clover Markets,USA,WA,Seattle,98124,1029 - 12th Ave. S.
11067,7.98,1998-05-04 00:00:00.000,1998-05-18 00:00:00.000,1998-05-06 00:00:00.000,Drachenblut Delikatessen,Germany,NULL,Aachen,52066,Walserweg 21
11068,81.75,1998-05-04 00:00:00.000,1998-06-01 00:00:00.000,NULL,Queen Cozinha,05487-020,Sao Paulo," 891",SP,Alameda dos Canàrios
11069,15.67,1998-05-04 00:00:00.000,1998-06-01 00:00:00.000,1998-05-06 00:00:00.000,Tortuga Restaurante,Mexico,NULL,México D.F.,05033,Avda. Azteca 123
11070,136.00,1998-05-05 00:00:00.000,1998-06-02 00:00:00.000,NULL,Lehmanns Marktstand,Germany,NULL,Frankfurt a.M.,60528,Magazinweg 7
11071,0.93,1998-05-05 00:00:00.000,1998-06-02 00:00:00.000,NULL,LILA-Supermercado,Venezuela,Lara,Barquisimeto,3508,Carrera 52 con Ave. Bolívar #65-98 Llano Largo
11072,258.64,1998-05-05 00:00:00.000,1998-06-02 00:00:00.000,NULL,Ernst Handel,Austria,NULL,Graz,8010,Kirchgasse 6
11073,24.95,1998-05-05 00:00:00.000,1998-06-02 00:00:00.000,NULL,Pericles Comidas clásicas,Mexico,NULL,México D.F.,05033,Calle Dr. Jorge Cash 321
11074,18.44,1998-05-06 00:00:00.000,1998-06-03 00:00:00.000,NULL,Simons bistro,Denmark,NULL,Kobenhavn,1734,Vinbæltet 34
11075,6.19,1998-05-06 00:00:00.000,1998-06-03 00:00:00.000,NULL,Richter Supermarkt,Switzerland,NULL,Genève,1204,Starenweg 5
11076,38.28,1998-05-06 00:00:00.000,1998-06-03 00:00:00.000,NULL,Bon app',13008,Marseille," rue des Bouchers",NULL,12
11077,8.53,1998-05-06 00:00:00.000,1998-06-03 00:00:00.000,NULL,Rattlesnake Canyon Grocery,USA,NM,Albuquerque,87110,2817 Milton Dr.
null,null,1996-07-04 00:00:00.000,1996-08-01 00:00:00.000,null,null,null,null,null,null,null
null,null,1996-07-05 00:00:00.000,1996-08-16 00:00:00.000,null,null,null,null,null,null,null
null,null,1996-07-08 00:00:00.000,1996-08-05 00:00:00.000,null,null,null,null,null,null,null
null,null,1996-07-08 00:00:00.000,1996-08-05 00:00:00.000,null,null,null,null,null,null,null
null,null,1996-07-09 00:00:00.000,1996-08-06 00:00:00.000,null,null,null,null,null,null,null
null,null,1996-07-10 00:00:00.000,1996-07-24 00:00:00.000,null,null,null,null,null,null,null
null,null,1996-07-11 00:00:00.000,1996-08-08 00:00:00.000,null,null,null,null,null,null,null
null,null,1996-07-12 00:00:00.000,1996-08-09 00:00:00.000,null,null,null,null,null,null,null
null,null,1996-07-15 00:00:00.000,1996-08-12 00:00:00.000,null,null,null,null,null,null,null
null,null,1996-07-16 00:00:00.000,1996-08-13 00:00:00.000,null,null,null,null,null,null,null
null,null,1996-07-17 00:00:00.000,1996-08-14 00:00:00.000,null,null,null,null,null,null,null
null,null,1996-07-18 00:00:00.000,1996-08-15 00:00:00.000,null,null,null,null,null,null,null
null,null,1996-07-19 00:00:00.000,1996-08-16 00:00:00.000,null,null,null,null,null,null,null
null,null,1996-07-19 00:00:00.000,1996-08-16 00:00:00.000,null,null,null,null,null,null,null
null,null,1996-07-22 00:00:00.000,1996-08-19 00:00:00.000,null,null,null,null,null,null,null
null,null,1996-07-23 00:00:00.000,1996-08-20 00:00:00.000,null,null,null,null,null,null,null
null,null,1996-07-24 00:00:00.000,1996-08-21 00:00:00.000,null,null,null,null,null,null,null
null,null,1996-07-25 00:00:00.000,1996-08-22 00:00:00.000,null,null,null,null,null,null,null
null,null,1996-07-26 00:00:00.000,1996-09-06 00:00:00.000,null,null,null,null,null,null,null
null,null,1996-07-29 00:00:00.000,1996-08-26 00:00:00.000,null,null,null,null,null,null,null
null,null,1996-07-30 00:00:00.000,1996-08-27 00:00:00.000,null,null,null,null,null,null,null
null,null,1996-07-31 00:00:00.000,1996-08-14 00:00:00.000,null,null,null,null,null,null,null
null,null,1996-08-01 00:00:00.000,1996-08-29 00:00:00.000,null,null,null,null,null,null,null
null,null,1996-08-01 00:00:00.000,1996-08-29 00:00:00.000,null,null,null,null,null,null,null
null,null,1996-08-02 00:00:00.000,1996-08-30 00:00:00.000,null,null,null,null,null,null,null
null,null,1996-08-05 00:00:00.000,1996-09-02 00:00:00.000,null,null,null,null,null,null,null
null,null,1996-08-06 00:00:00.000,1996-09-03 00:00:00.000,null,null,null,null,null,null,null
null,null,1996-08-07 00:00:00.000,1996-09-04 00:00:00.000,null,null,null,null,null,null,null
null,null,1996-08-08 00:00:00.000,1996-08-22 00:00:00.000,null,null,null,null,null,null,null
null,null,1996-08-09 00:00:00.000,1996-09-06 00:00:00.000,null,null,null,null,null,null,null
null,null,1996-08-12 00:00:00.000,1996-09-09 00:00:00.000,null,null,null,null,null,null,null
null,null,1996-08-13 00:00:00.000,1996-09-10 00:00:00.000,null,null,null,null,null,null,null
null,null,1996-08-14 00:00:00.000,1996-09-11 00:00:00.000,null,null,null,null,null,null,null
null,null,1996-08-14 00:00:00.000,1996-08-28 00:00:00.000,null,null,null,null,null,null,null
null,null,1996-08-15 00:00:00.000,1996-09-12 00:00:00.000,null,null,null,null,null,null,null
null,null,1996-08-16 00:00:00.000,1996-09-13 00:00:00.000,null,null,null,null,null,null,null
null,null,1996-08-19 00:00:00.000,1996-09-16 00:00:00.000,null,null,null,null,null,null,null
null,null,1996-08-20 00:00:00.000,1996-09-17 00:00:00.000,null,null,null,null,null,null,null
null,null,1996-08-21 00:00:00.000,1996-09-18 00:00:00.000,null,null,null,null,null,null,null
null,null,1996-08-22 00:00:00.000,1996-09-19 00:00:00.000,null,null,null,null,null,null,null
null,null,1996-08-23 00:00:00.000,1996-09-20 00:00:00.000,null,null,null,null,null,null,null
null,null,1996-08-26 00:00:00.000,1996-09-23 00:00:00.000,null,null,null,null,null,null,null
null,null,1996-08-27 00:00:00.000,1996-09-24 00:00:00.000,null,null,null,null,null,null,null
null,null,1996-08-27 00:00:00.000,1996-09-24 00:00:00.000,null,null,null,null,null,null,null
null,null,1996-08-28 00:00:00.000,1996-09-25 00:00:00.000,null,null,null,null,null,null,null
null,null,1996-08-29 00:00:00.000,1996-09-26 00:00:00.000,null,null,null,null,null,null,null
null,null,1996-08-30 00:00:00.000,1996-09-27 00:00:00.000,null,null,null,null,null,null,null
null,null,1996-09-02 00:00:00.000,1996-09-30 00:00:00.000,null,null,null,null,null,null,null
null,null,1996-09-03 00:00:00.000,1996-10-01 00:00:00.000,null,null,null,null,null,null,null
null,null,1996-09-04 00:00:00.000,1996-10-16 00:00:00.000,null,null,null,null,null,null,null
null,null,1996-09-05 00:00:00.000,1996-10-03 00:00:00.000,null,null,null,null,null,null,null
null,null,1996-09-06 00:00:00.000,1996-10-04 00:00:00.000,null,null,null,null,null,null,null
null,null,1996-09-09 00:00:00.000,1996-10-07 00:00:00.000,null,null,null,null,null,null,null
null,null,1996-09-09 00:00:00.000,1996-10-07 00:00:00.000,null,null,null,null,null,null,null
null,null,1996-09-10 00:00:00.000,1996-10-08 00:00:00.000,null,null,null,null,null,null,null
null,null,1996-09-11 00:00:00.000,1996-10-09 00:00:00.000,null,null,null,null,null,null,null
null,null,1996-09-12 00:00:00.000,1996-10-10 00:00:00.000,null,null,null,null,null,null,null
null,null,1996-09-13 00:00:00.000,1996-10-11 00:00:00.000,null,null,null,null,null,null,null
null,null,1996-09-16 00:00:00.000,1996-10-14 00:00:00.000,null,null,null,null,null,null,null
null,null,1996-09-17 00:00:00.000,1996-10-15 00:00:00.000,null,null,null,null,null,null,null
null,null,1996-09-18 00:00:00.000,1996-10-16 00:00:00.000,null,null,null,null,null,null,null
null,null,1996-09-19 00:00:00.000,1996-10-17 00:00:00.000,null,null,null,null,null,null,null
null,null,1996-09-20 00:00:00.000,1996-10-18 00:00:00.000,null,null,null,null,null,null,null
null,null,1996-09-20 00:00:00.000,1996-10-04 00:00:00.000,null,null,null,null,null,null,null
null,null,1996-09-23 00:00:00.000,1996-10-21 00:00:00.000,null,null,null,null,null,null,null
null,null,1996-09-24 00:00:00.000,1996-10-22 00:00:00.000,null,null,null,null,null,null,null
null,null,1996-09-25 00:00:00.000,1996-10-23 00:00:00.000,null,null,null,null,null,null,null
null,null,1996-09-26 00:00:00.000,1996-10-24 00:00:00.000,null,null,null,null,null,null,null
null,null,1996-09-27 00:00:00.000,1996-10-25 00:00:00.000,null,null,null,null,null,null,null
null,null,1996-09-30 00:00:00.000,1996-10-28 00:00:00.000,null,null,null,null,null,null,null
null,null,1996-10-01 00:00:00.000,1996-10-29 00:00:00.000,null,null,null,null,null,null,null
null,null,1996-10-02 00:00:00.000,1996-10-30 00:00:00.000,null,null,null,null,null,null,null
null,null,1996-10-03 00:00:00.000,1996-10-17 00:00:00.000,null,null,null,null,null,null,null
null,null,1996-10-03 00:00:00.000,1996-10-31 00:00:00.000,null,null,null,null,null,null,null
null,null,1996-10-04 00:00:00.000,1996-11-01 00:00:00.000,null,null,null,null,null,null,null
null,null,1996-10-07 00:00:00.000,1996-11-04 00:00:00.000,null,null,null,null,null,null,null
null,null,1996-10-08 00:00:00.000,1996-11-05 00:00:00.000,null,null,null,null,null,null,null
null,null,1996-10-09 00:00:00.000,1996-10-23 00:00:00.000,null,null,null,null,null,null,null
null,null,1996-10-10 00:00:00.000,1996-11-07 00:00:00.000,null,null,null,null,null,null,null
null,null,1996-10-11 00:00:00.000,1996-11-08 00:00:00.000,null,null,null,null,null,null,null
null,null,1996-10-14 00:00:00.000,1996-11-11 00:00:00.000,null,null,null,null,null,null,null
null,null,1996-10-15 00:00:00.000,1996-11-26 00:00:00.000,null,null,null,null,null,null,null
null,null,1996-10-16 00:00:00.000,1996-11-13 00:00:00.000,null,null,null,null,null,null,null
null,null,1996-10-16 00:00:00.000,1996-11-27 00:00:00.000,null,null,null,null,null,null,null
null,null,1996-10-17 00:00:00.000,1996-11-28 00:00:00.000,null,null,null,null,null,null,null
null,null,1996-10-18 00:00:00.000,1996-11-15 00:00:00.000,null,null,null,null,null,null,null
null,null,1996-10-21 00:00:00.000,1996-11-18 00:00:00.000,null,null,null,null,null,null,null
null,null,1996-10-22 00:00:00.000,1996-11-19 00:00:00.000,null,null,null,null,null,null,null
null,null,1996-10-23 00:00:00.000,1996-11-20 00:00:00.000,null,null,null,null,null,null,null
null,null,1996-10-24 00:00:00.000,1996-11-21 00:00:00.000,null,null,null,null,null,null,null
null,null,1996-10-25 00:00:00.000,1996-11-22 00:00:00.000,null,null,null,null,null,null,null
null,null,1996-10-28 00:00:00.000,1996-11-25 00:00:00.000,null,null,null,null,null,null,null
null,null,1996-10-29 00:00:00.000,1996-11-26 00:00:00.000,null,null,null,null,null,null,null
null,null,1996-10-29 00:00:00.000,1996-11-26 00:00:00.000,null,null,null,null,null,null,null
null,null,1996-10-30 00:00:00.000,1996-11-13 00:00:00.000,null,null,null,null,null,null,null
null,null,1996-10-31 00:00:00.000,1996-11-28 00:00:00.000,null,null,null,null,null,null,null
null,null,1996-11-01 00:00:00.000,1996-11-29 00:00:00.000,null,null,null,null,null,null,null
null,null,1996-11-04 00:00:00.000,1996-12-02 00:00:00.000,null,null,null,null,null,null,null
null,null,1996-11-05 00:00:00.000,1996-12-17 00:00:00.000,null,null,null,null,null,null,null
null,null,1996-11-06 00:00:00.000,1996-12-04 00:00:00.000,null,null,null,null,null,null,null
null,null,1996-11-07 00:00:00.000,1996-12-05 00:00:00.000,null,null,null,null,null,null,null
null,null,1996-11-08 00:00:00.000,1996-12-06 00:00:00.000,null,null,null,null,null,null,null
null,null,1996-11-11 00:00:00.000,1996-12-09 00:00:00.000,null,null,null,null,null,null,null
null,null,1996-11-11 00:00:00.000,1996-12-09 00:00:00.000,null,null,null,null,null,null,null
null,null,1996-11-12 00:00:00.000,1996-11-26 00:00:00.000,null,null,null,null,null,null,null
null,null,1996-11-13 00:00:00.000,1996-12-11 00:00:00.000,null,null,null,null,null,null,null
null,null,1996-11-14 00:00:00.000,1996-12-12 00:00:00.000,null,null,null,null,null,null,null
null,null,1996-11-15 00:00:00.000,1996-12-13 00:00:00.000,null,null,null,null,null,null,null
null,null,1996-11-18 00:00:00.000,1996-12-16 00:00:00.000,null,null,null,null,null,null,null
null,null,1996-11-19 00:00:00.000,1996-12-17 00:00:00.000,null,null,null,null,null,null,null
null,null,1996-11-20 00:00:00.000,1996-12-18 00:00:00.000,null,null,null,null,null,null,null
null,null,1996-11-21 00:00:00.000,1996-12-19 00:00:00.000,null,null,null,null,null,null,null
null,null,1996-11-22 00:00:00.000,1996-12-20 00:00:00.000,null,null,null,null,null,null,null
null,null,1996-11-22 00:00:00.000,1996-12-20 00:00:00.000,null,null,null,null,null,null,null
null,null,1996-11-25 00:00:00.000,1996-12-23 00:00:00.000,null,null,null,null,null,null,null
null,null,1996-11-26 00:00:00.000,1996-12-24 00:00:00.000,null,null,null,null,null,null,null
null,null,1996-11-26 00:00:00.000,1997-01-07 00:00:00.000,null,null,null,null,null,null,null
null,null,1996-11-27 00:00:00.000,1996-12-25 00:00:00.000,null,null,null,null,null,null,null
null,null,1996-11-28 00:00:00.000,1997-01-09 00:00:00.000,null,null,null,null,null,null,null
null,null,1996-11-28 00:00:00.000,1996-12-26 00:00:00.000,null,null,null,null,null,null,null
null,null,1996-11-29 00:00:00.000,1996-12-27 00:00:00.000,null,null,null,null,null,null,null
null,null,1996-12-02 00:00:00.000,1996-12-30 00:00:00.000,null,null,null,null,null,null,null
null,null,1996-12-03 00:00:00.000,1996-12-31 00:00:00.000,null,null,null,null,null,null,null
null,null,1996-12-03 00:00:00.000,1996-12-31 00:00:00.000,null,null,null,null,null,null,null
null,null,1996-12-04 00:00:00.000,1997-01-01 00:00:00.000,null,null,null,null,null,null,null
null,null,1996-12-05 00:00:00.000,1997-01-02 00:00:00.000,null,null,null,null,null,null,null
null,null,1996-12-05 00:00:00.000,1997-01-02 00:00:00.000,null,null,null,null,null,null,null
null,null,1996-12-06 00:00:00.000,1997-01-03 00:00:00.000,null,null,null,null,null,null,null
null,null,1996-12-09 00:00:00.000,1997-01-06 00:00:00.000,null,null,null,null,null,null,null
null,null,1996-12-09 00:00:00.000,1997-01-06 00:00:00.000,null,null,null,null,null,null,null
null,null,1996-12-10 00:00:00.000,1997-01-07 00:00:00.000,null,null,null,null,null,null,null
null,null,1996-12-11 00:00:00.000,1997-01-08 00:00:00.000,null,null,null,null,null,null,null
null,null,1996-12-12 00:00:00.000,1997-01-09 00:00:00.000,null,null,null,null,null,null,null
null,null,1996-12-12 00:00:00.000,1997-01-09 00:00:00.000,null,null,null,null,null,null,null
null,null,1996-12-13 00:00:00.000,1997-01-10 00:00:00.000,null,null,null,null,null,null,null
null,null,1996-12-16 00:00:00.000,1997-01-13 00:00:00.000,null,null,null,null,null,null,null
null,null,1996-12-16 00:00:00.000,1997-01-13 00:00:00.000,null,null,null,null,null,null,null
null,null,1996-12-17 00:00:00.000,1997-01-14 00:00:00.000,null,null,null,null,null,null,null
null,null,1996-12-18 00:00:00.000,1997-01-01 00:00:00.000,null,null,null,null,null,null,null
null,null,1996-12-18 00:00:00.000,1997-01-15 00:00:00.000,null,null,null,null,null,null,null
null,null,1996-12-19 00:00:00.000,1997-01-16 00:00:00.000,null,null,null,null,null,null,null
null,null,1996-12-20 00:00:00.000,1997-01-17 00:00:00.000,null,null,null,null,null,null,null
null,null,1996-12-23 00:00:00.000,1997-01-20 00:00:00.000,null,null,null,null,null,null,null
null,null,1996-12-23 00:00:00.000,1997-01-20 00:00:00.000,null,null,null,null,null,null,null
null,null,1996-12-24 00:00:00.000,1997-01-21 00:00:00.000,null,null,null,null,null,null,null
null,null,1996-12-25 00:00:00.000,1997-01-22 00:00:00.000,null,null,null,null,null,null,null
null,null,1996-12-25 00:00:00.000,1997-01-22 00:00:00.000,null,null,null,null,null,null,null
null,null,1996-12-26 00:00:00.000,1997-01-23 00:00:00.000,null,null,null,null,null,null,null
null,null,1996-12-27 00:00:00.000,1997-01-10 00:00:00.000,null,null,null,null,null,null,null
null,null,1996-12-27 00:00:00.000,1997-01-24 00:00:00.000,null,null,null,null,null,null,null
null,null,1996-12-30 00:00:00.000,1997-01-27 00:00:00.000,null,null,null,null,null,null,null
null,null,1996-12-31 00:00:00.000,1997-01-14 00:00:00.000,null,null,null,null,null,null,null
null,null,1997-01-01 00:00:00.000,1997-01-29 00:00:00.000,null,null,null,null,null,null,null
null,null,1997-01-01 00:00:00.000,1997-01-29 00:00:00.000,null,null,null,null,null,null,null
null,null,1997-01-02 00:00:00.000,1997-02-13 00:00:00.000,null,null,null,null,null,null,null
null,null,1997-01-03 00:00:00.000,1997-01-31 00:00:00.000,null,null,null,null,null,null,null
null,null,1997-01-03 00:00:00.000,1997-01-31 00:00:00.000,null,null,null,null,null,null,null
null,null,1997-01-06 00:00:00.000,1997-02-03 00:00:00.000,null,null,null,null,null,null,null
null,null,1997-01-07 00:00:00.000,1997-02-18 00:00:00.000,null,null,null,null,null,null,null
null,null,1997-01-07 00:00:00.000,1997-02-04 00:00:00.000,null,null,null,null,null,null,null
null,null,1997-01-08 00:00:00.000,1997-02-05 00:00:00.000,null,null,null,null,null,null,null
null,null,1997-01-09 00:00:00.000,1997-02-06 00:00:00.000,null,null,null,null,null,null,null
null,null,1997-01-10 00:00:00.000,1997-02-07 00:00:00.000,null,null,null,null,null,null,null
null,null,1997-01-10 00:00:00.000,1997-02-07 00:00:00.000,null,null,null,null,null,null,null
null,null,1997-01-13 00:00:00.000,1997-02-10 00:00:00.000,null,null,null,null,null,null,null
null,null,1997-01-14 00:00:00.000,1997-02-11 00:00:00.000,null,null,null,null,null,null,null
null,null,1997-01-14 00:00:00.000,1997-02-11 00:00:00.000,null,null,null,null,null,null,null
null,null,1997-01-15 00:00:00.000,1997-02-12 00:00:00.000,null,null,null,null,null,null,null
null,null,1997-01-16 00:00:00.000,1997-02-13 00:00:00.000,null,null,null,null,null,null,null
null,null,1997-01-16 00:00:00.000,1997-02-13 00:00:00.000,null,null,null,null,null,null,null
null,null,1997-01-17 00:00:00.000,1997-02-14 00:00:00.000,null,null,null,null,null,null,null
null,null,1997-01-20 00:00:00.000,1997-02-17 00:00:00.000,null,null,null,null,null,null,null
null,null,1997-01-21 00:00:00.000,1997-02-18 00:00:00.000,null,null,null,null,null,null,null
null,null,1997-01-21 00:00:00.000,1997-03-04 00:00:00.000,null,null,null,null,null,null,null
null,null,1997-01-22 00:00:00.000,1997-02-19 00:00:00.000,null,null,null,null,null,null,null
null,null,1997-01-23 00:00:00.000,1997-02-06 00:00:00.000,null,null,null,null,null,null,null
null,null,1997-01-23 00:00:00.000,1997-02-20 00:00:00.000,null,null,null,null,null,null,null
null,null,1997-01-24 00:00:00.000,1997-02-21 00:00:00.000,null,null,null,null,null,null,null
null,null,1997-01-27 00:00:00.000,1997-02-24 00:00:00.000,null,null,null,null,null,null,null
null,null,1997-01-27 00:00:00.000,1997-02-24 00:00:00.000,null,null,null,null,null,null,null
null,null,1997-01-28 00:00:00.000,1997-02-25 00:00:00.000,null,null,null,null,null,null,null
null,null,1997-01-29 00:00:00.000,1997-03-12 00:00:00.000,null,null,null,null,null,null,null
null,null,1997-01-30 00:00:00.000,1997-02-13 00:00:00.000,null,null,null,null,null,null,null
null,null,1997-01-30 00:00:00.000,1997-02-13 00:00:00.000,null,null,null,null,null,null,null
null,null,1997-01-31 00:00:00.000,1997-02-14 00:00:00.000,null,null,null,null,null,null,null
null,null,1997-02-03 00:00:00.000,1997-03-03 00:00:00.000,null,null,null,null,null,null,null
null,null,1997-02-03 00:00:00.000,1997-03-03 00:00:00.000,null,null,null,null,null,null,null
null,null,1997-02-04 00:00:00.000,1997-03-18 00:00:00.000,null,null,null,null,null,null,null
null,null,1997-02-05 00:00:00.000,1997-03-05 00:00:00.000,null,null,null,null,null,null,null
null,null,1997-02-05 00:00:00.000,1997-03-05 00:00:00.000,null,null,null,null,null,null,null
null,null,1997-02-06 00:00:00.000,1997-03-06 00:00:00.000,null,null,null,null,null,null,null
null,null,1997-02-07 00:00:00.000,1997-03-07 00:00:00.000,null,null,null,null,null,null,null
null,null,1997-02-10 00:00:00.000,1997-03-10 00:00:00.000,null,null,null,null,null,null,null
null,null,1997-02-10 00:00:00.000,1997-03-24 00:00:00.000,null,null,null,null,null,null,null
null,null,1997-02-11 00:00:00.000,1997-03-11 00:00:00.000,null,null,null,null,null,null,null
null,null,1997-02-12 00:00:00.000,1997-03-12 00:00:00.000,null,null,null,null,null,null,null
null,null,1997-02-12 00:00:00.000,1997-03-12 00:00:00.000,null,null,null,null,null,null,null
null,null,1997-02-13 00:00:00.000,1997-03-13 00:00:00.000,null,null,null,null,null,null,null
null,null,1997-02-14 00:00:00.000,1997-03-14 00:00:00.000,null,null,null,null,null,null,null
null,null,1997-02-14 00:00:00.000,1997-03-14 00:00:00.000,null,null,null,null,null,null,null
null,null,1997-02-17 00:00:00.000,1997-03-17 00:00:00.000,null,null,null,null,null,null,null
null,null,1997-02-18 00:00:00.000,1997-03-18 00:00:00.000,null,null,null,null,null,null,null
null,null,1997-02-19 00:00:00.000,1997-03-19 00:00:00.000,null,null,null,null,null,null,null
null,null,1997-02-19 00:00:00.000,1997-03-05 00:00:00.000,null,null,null,null,null,null,null
null,null,1997-02-20 00:00:00.000,1997-03-20 00:00:00.000,null,null,null,null,null,null,null
null,null,1997-02-21 00:00:00.000,1997-03-21 00:00:00.000,null,null,null,null,null,null,null
null,null,1997-02-21 00:00:00.000,1997-03-21 00:00:00.000,null,null,null,null,null,null,null
null,null,1997-02-24 00:00:00.000,1997-04-07 00:00:00.000,null,null,null,null,null,null,null
null,null,1997-02-25 00:00:00.000,1997-04-08 00:00:00.000,null,null,null,null,null,null,null
null,null,1997-02-25 00:00:00.000,1997-03-25 00:00:00.000,null,null,null,null,null,null,null
null,null,1997-02-26 00:00:00.000,1997-03-26 00:00:00.000,null,null,null,null,null,null,null
null,null,1997-02-27 00:00:00.000,1997-03-27 00:00:00.000,null,null,null,null,null,null,null
null,null,1997-02-28 00:00:00.000,1997-03-28 00:00:00.000,null,null,null,null,null,null,null
null,null,1997-02-28 00:00:00.000,1997-03-28 00:00:00.000,null,null,null,null,null,null,null
null,null,1997-03-03 00:00:00.000,1997-03-31 00:00:00.000,null,null,null,null,null,null,null
null,null,1997-03-04 00:00:00.000,1997-04-01 00:00:00.000,null,null,null,null,null,null,null
null,null,1997-03-04 00:00:00.000,1997-04-01 00:00:00.000,null,null,null,null,null,null,null
null,null,1997-03-05 00:00:00.000,1997-04-02 00:00:00.000,null,null,null,null,null,null,null
null,null,1997-03-06 00:00:00.000,1997-04-03 00:00:00.000,null,null,null,null,null,null,null
null,null,1997-03-06 00:00:00.000,1997-04-03 00:00:00.000,null,null,null,null,null,null,null
null,null,1997-03-07 00:00:00.000,1997-04-04 00:00:00.000,null,null,null,null,null,null,null
null,null,1997-03-10 00:00:00.000,1997-04-07 00:00:00.000,null,null,null,null,null,null,null
null,null,1997-03-11 00:00:00.000,1997-04-08 00:00:00.000,null,null,null,null,null,null,null
null,null,1997-03-11 00:00:00.000,1997-04-08 00:00:00.000,null,null,null,null,null,null,null
null,null,1997-03-12 00:00:00.000,1997-04-09 00:00:00.000,null,null,null,null,null,null,null
null,null,1997-03-13 00:00:00.000,1997-03-27 00:00:00.000,null,null,null,null,null,null,null
null,null,1997-03-13 00:00:00.000,1997-04-10 00:00:00.000,null,null,null,null,null,null,null
null,null,1997-03-14 00:00:00.000,1997-04-11 00:00:00.000,null,null,null,null,null,null,null
null,null,1997-03-17 00:00:00.000,1997-04-14 00:00:00.000,null,null,null,null,null,null,null
null,null,1997-03-17 00:00:00.000,1997-04-14 00:00:00.000,null,null,null,null,null,null,null
null,null,1997-03-18 00:00:00.000,1997-04-01 00:00:00.000,null,null,null,null,null,null,null
null,null,1997-03-19 00:00:00.000,1997-04-16 00:00:00.000,null,null,null,null,null,null,null
null,null,1997-03-20 00:00:00.000,1997-04-17 00:00:00.000,null,null,null,null,null,null,null
null,null,1997-03-20 00:00:00.000,1997-04-17 00:00:00.000,null,null,null,null,null,null,null
null,null,1997-03-21 00:00:00.000,1997-04-18 00:00:00.000,null,null,null,null,null,null,null
null,null,1997-03-24 00:00:00.000,1997-04-21 00:00:00.000,null,null,null,null,null,null,null
null,null,1997-03-24 00:00:00.000,1997-04-21 00:00:00.000,null,null,null,null,null,null,null
null,null,1997-03-25 00:00:00.000,1997-04-08 00:00:00.000,null,null,null,null,null,null,null
null,null,1997-03-26 00:00:00.000,1997-04-23 00:00:00.000,null,null,null,null,null,null,null
null,null,1997-03-26 00:00:00.000,1997-04-23 00:00:00.000,null,null,null,null,null,null,null
null,null,1997-03-27 00:00:00.000,1997-04-24 00:00:00.000,null,null,null,null,null,null,null
null,null,1997-03-28 00:00:00.000,1997-04-25 00:00:00.000,null,null,null,null,null,null,null
null,null,1997-03-31 00:00:00.000,1997-04-28 00:00:00.000,null,null,null,null,null,null,null
null,null,1997-03-31 00:00:00.000,1997-04-28 00:00:00.000,null,null,null,null,null,null,null
null,null,1997-04-01 00:00:00.000,1997-04-29 00:00:00.000,null,null,null,null,null,null,null
null,null,1997-04-02 00:00:00.000,1997-04-30 00:00:00.000,null,null,null,null,null,null,null
null,null,1997-04-02 00:00:00.000,1997-04-30 00:00:00.000,null,null,null,null,null,null,null
null,null,1997-04-03 00:00:00.000,1997-05-01 00:00:00.000,null,null,null,null,null,null,null
null,null,1997-04-04 00:00:00.000,1997-05-02 00:00:00.000,null,null,null,null,null,null,null
null,null,1997-04-04 00:00:00.000,1997-05-02 00:00:00.000,null,null,null,null,null,null,null
null,null,1997-04-07 00:00:00.000,1997-05-05 00:00:00.000,null,null,null,null,null,null,null
null,null,1997-04-08 00:00:00.000,1997-05-06 00:00:00.000,null,null,null,null,null,null,null
null,null,1997-04-09 00:00:00.000,1997-05-07 00:00:00.000,null,null,null,null,null,null,null
null,null,1997-04-09 00:00:00.000,1997-05-07 00:00:00.000,null,null,null,null,null,null,null
null,null,1997-04-10 00:00:00.000,1997-05-08 00:00:00.000,null,null,null,null,null,null,null
null,null,1997-04-11 00:00:00.000,1997-05-09 00:00:00.000,null,null,null,null,null,null,null
null,null,1997-04-11 00:00:00.000,1997-05-09 00:00:00.000,null,null,null,null,null,null,null
null,null,1997-04-14 00:00:00.000,1997-05-12 00:00:00.000,null,null,null,null,null,null,null
null,null,1997-04-15 00:00:00.000,1997-05-13 00:00:00.000,null,null,null,null,null,null,null
null,null,1997-04-15 00:00:00.000,1997-05-13 00:00:00.000,null,null,null,null,null,null,null
null,null,1997-04-16 00:00:00.000,1997-05-14 00:00:00.000,null,null,null,null,null,null,null
null,null,1997-04-17 00:00:00.000,1997-05-15 00:00:00.000,null,null,null,null,null,null,null
null,null,1997-04-18 00:00:00.000,1997-05-16 00:00:00.000,null,null,null,null,null,null,null
null,null,1997-04-18 00:00:00.000,1997-05-16 00:00:00.000,null,null,null,null,null,null,null
null,null,1997-04-21 00:00:00.000,1997-05-19 00:00:00.000,null,null,null,null,null,null,null
null,null,1997-04-22 00:00:00.000,1997-06-03 00:00:00.000,null,null,null,null,null,null,null
null,null,1997-04-22 00:00:00.000,1997-05-20 00:00:00.000,null,null,null,null,null,null,null
null,null,1997-04-23 00:00:00.000,1997-05-07 00:00:00.000,null,null,null,null,null,null,null
null,null,1997-04-24 00:00:00.000,1997-05-22 00:00:00.000,null,null,null,null,null,null,null
null,null,1997-04-24 00:00:00.000,1997-05-22 00:00:00.000,null,null,null,null,null,null,null
null,null,1997-04-25 00:00:00.000,1997-05-09 00:00:00.000,null,null,null,null,null,null,null
null,null,1997-04-28 00:00:00.000,1997-05-26 00:00:00.000,null,null,null,null,null,null,null
null,null,1997-04-29 00:00:00.000,1997-05-27 00:00:00.000,null,null,null,null,null,null,null
null,null,1997-04-29 00:00:00.000,1997-05-27 00:00:00.000,null,null,null,null,null,null,null
null,null,1997-04-30 00:00:00.000,1997-05-28 00:00:00.000,null,null,null,null,null,null,null
null,null,1997-05-01 00:00:00.000,1997-05-29 00:00:00.000,null,null,null,null,null,null,null
null,null,1997-05-01 00:00:00.000,1997-05-29 00:00:00.000,null,null,null,null,null,null,null
null,null,1997-05-02 00:00:00.000,1997-05-30 00:00:00.000,null,null,null,null,null,null,null
null,null,1997-05-05 00:00:00.000,1997-06-02 00:00:00.000,null,null,null,null,null,null,null
null,null,1997-05-05 00:00:00.000,1997-06-02 00:00:00.000,null,null,null,null,null,null,null
null,null,1997-05-06 00:00:00.000,1997-05-20 00:00:00.000,null,null,null,null,null,null,null
null,null,1997-05-07 00:00:00.000,1997-06-04 00:00:00.000,null,null,null,null,null,null,null
null,null,1997-05-08 00:00:00.000,1997-06-05 00:00:00.000,null,null,null,null,null,null,null
null,null,1997-05-08 00:00:00.000,1997-06-05 00:00:00.000,null,null,null,null,null,null,null
null,null,1997-05-09 00:00:00.000,1997-06-06 00:00:00.000,null,null,null,null,null,null,null
null,null,1997-05-12 00:00:00.000,1997-06-09 00:00:00.000,null,null,null,null,null,null,null
null,null,1997-05-12 00:00:00.000,1997-06-09 00:00:00.000,null,null,null,null,null,null,null
null,null,1997-05-13 00:00:00.000,1997-06-10 00:00:00.000,null,null,null,null,null,null,null
null,null,1997-05-14 00:00:00.000,1997-06-11 00:00:00.000,null,null,null,null,null,null,null
null,null,1997-05-14 00:00:00.000,1997-05-28 00:00:00.000,null,null,null,null,null,null,null
null,null,1997-05-15 00:00:00.000,1997-06-12 00:00:00.000,null,null,null,null,null,null,null
null,null,1997-05-16 00:00:00.000,1997-06-13 00:00:00.000,null,null,null,null,null,null,null
null,null,1997-05-19 00:00:00.000,1997-06-16 00:00:00.000,null,null,null,null,null,null,null
null,null,1997-05-19 00:00:00.000,1997-06-16 00:00:00.000,null,null,null,null,null,null,null
null,null,1997-05-20 00:00:00.000,1997-06-17 00:00:00.000,null,null,null,null,null,null,null
null,null,1997-05-21 00:00:00.000,1997-06-18 00:00:00.000,null,null,null,null,null,null,null
null,null,1997-05-21 00:00:00.000,1997-06-18 00:00:00.000,null,null,null,null,null,null,null
null,null,1997-05-22 00:00:00.000,1997-06-19 00:00:00.000,null,null,null,null,null,null,null
null,null,1997-05-23 00:00:00.000,1997-06-20 00:00:00.000,null,null,null,null,null,null,null
null,null,1997-05-23 00:00:00.000,1997-06-20 00:00:00.000,null,null,null,null,null,null,null
null,null,1997-05-26 00:00:00.000,1997-06-23 00:00:00.000,null,null,null,null,null,null,null
null,null,1997-05-27 00:00:00.000,1997-06-10 00:00:00.000,null,null,null,null,null,null,null
null,null,1997-05-28 00:00:00.000,1997-06-25 00:00:00.000,null,null,null,null,null,null,null
null,null,1997-05-28 00:00:00.000,1997-07-09 00:00:00.000,null,null,null,null,null,null,null
null,null,1997-05-29 00:00:00.000,1997-06-26 00:00:00.000,null,null,null,null,null,null,null
null,null,1997-05-30 00:00:00.000,1997-06-27 00:00:00.000,null,null,null,null,null,null,null
null,null,1997-05-30 00:00:00.000,1997-06-27 00:00:00.000,null,null,null,null,null,null,null
null,null,1997-06-02 00:00:00.000,1997-06-30 00:00:00.000,null,null,null,null,null,null,null
null,null,1997-06-03 00:00:00.000,1997-07-15 00:00:00.000,null,null,null,null,null,null,null
null,null,1997-06-03 00:00:00.000,1997-06-17 00:00:00.000,null,null,null,null,null,null,null
null,null,1997-06-04 00:00:00.000,1997-07-02 00:00:00.000,null,null,null,null,null,null,null
null,null,1997-06-05 00:00:00.000,1997-07-03 00:00:00.000,null,null,null,null,null,null,null
null,null,1997-06-06 00:00:00.000,1997-07-04 00:00:00.000,null,null,null,null,null,null,null
null,null,1997-06-06 00:00:00.000,1997-07-04 00:00:00.000,null,null,null,null,null,null,null
null,null,1997-06-09 00:00:00.000,1997-07-07 00:00:00.000,null,null,null,null,null,null,null
null,null,1997-06-10 00:00:00.000,1997-07-22 00:00:00.000,null,null,null,null,null,null,null
null,null,1997-06-10 00:00:00.000,1997-07-08 00:00:00.000,null,null,null,null,null,null,null
null,null,1997-06-11 00:00:00.000,1997-07-09 00:00:00.000,null,null,null,null,null,null,null
null,null,1997-06-12 00:00:00.000,1997-07-10 00:00:00.000,null,null,null,null,null,null,null
null,null,1997-06-12 00:00:00.000,1997-07-10 00:00:00.000,null,null,null,null,null,null,null
null,null,1997-06-13 00:00:00.000,1997-07-11 00:00:00.000,null,null,null,null,null,null,null
null,null,1997-06-16 00:00:00.000,1997-07-14 00:00:00.000,null,null,null,null,null,null,null
null,null,1997-06-17 00:00:00.000,1997-07-15 00:00:00.000,null,null,null,null,null,null,null
null,null,1997-06-17 00:00:00.000,1997-07-29 00:00:00.000,null,null,null,null,null,null,null
null,null,1997-06-18 00:00:00.000,1997-07-16 00:00:00.000,null,null,null,null,null,null,null
null,null,1997-06-19 00:00:00.000,1997-07-17 00:00:00.000,null,null,null,null,null,null,null
null,null,1997-06-19 00:00:00.000,1997-07-17 00:00:00.000,null,null,null,null,null,null,null
null,null,1997-06-20 00:00:00.000,1997-07-04 00:00:00.000,null,null,null,null,null,null,null
null,null,1997-06-23 00:00:00.000,1997-07-07 00:00:00.000,null,null,null,null,null,null,null
null,null,1997-06-23 00:00:00.000,1997-08-04 00:00:00.000,null,null,null,null,null,null,null
null,null,1997-06-24 00:00:00.000,1997-07-22 00:00:00.000,null,null,null,null,null,null,null
null,null,1997-06-25 00:00:00.000,1997-07-23 00:00:00.000,null,null,null,null,null,null,null
null,null,1997-06-26 00:00:00.000,1997-07-24 00:00:00.000,null,null,null,null,null,null,null
null,null,1997-06-26 00:00:00.000,1997-07-24 00:00:00.000,null,null,null,null,null,null,null
null,null,1997-06-27 00:00:00.000,1997-07-25 00:00:00.000,null,null,null,null,null,null,null
null,null,1997-06-30 00:00:00.000,1997-07-28 00:00:00.000,null,null,null,null,null,null,null
null,null,1997-06-30 00:00:00.000,1997-07-28 00:00:00.000,null,null,null,null,null,null,null
null,null,1997-07-01 00:00:00.000,1997-07-29 00:00:00.000,null,null,null,null,null,null,null
null,null,1997-07-02 00:00:00.000,1997-07-30 00:00:00.000,null,null,null,null,null,null,null
null,null,1997-07-02 00:00:00.000,1997-07-30 00:00:00.000,null,null,null,null,null,null,null
null,null,1997-07-03 00:00:00.000,1997-07-31 00:00:00.000,null,null,null,null,null,null,null
null,null,1997-07-04 00:00:00.000,1997-08-01 00:00:00.000,null,null,null,null,null,null,null
null,null,1997-07-07 00:00:00.000,1997-08-04 00:00:00.000,null,null,null,null,null,null,null
null,null,1997-07-07 00:00:00.000,1997-07-21 00:00:00.000,null,null,null,null,null,null,null
null,null,1997-07-08 00:00:00.000,1997-08-05 00:00:00.000,null,null,null,null,null,null,null
null,null,1997-07-09 00:00:00.000,1997-08-06 00:00:00.000,null,null,null,null,null,null,null
null,null,1997-07-09 00:00:00.000,1997-08-06 00:00:00.000,null,null,null,null,null,null,null
null,null,1997-07-10 00:00:00.000,1997-08-07 00:00:00.000,null,null,null,null,null,null,null
null,null,1997-07-11 00:00:00.000,1997-08-08 00:00:00.000,null,null,null,null,null,null,null
null,null,1997-07-11 00:00:00.000,1997-08-08 00:00:00.000,null,null,null,null,null,null,null
null,null,1997-07-14 00:00:00.000,1997-08-11 00:00:00.000,null,null,null,null,null,null,null
null,null,1997-07-15 00:00:00.000,1997-08-26 00:00:00.000,null,null,null,null,null,null,null
null,null,1997-07-16 00:00:00.000,1997-08-13 00:00:00.000,null,null,null,null,null,null,null
null,null,1997-07-16 00:00:00.000,1997-08-27 00:00:00.000,null,null,null,null,null,null,null
null,null,1997-07-17 00:00:00.000,1997-08-14 00:00:00.000,null,null,null,null,null,null,null
null,null,1997-07-18 00:00:00.000,1997-08-15 00:00:00.000,null,null,null,null,null,null,null
null,null,1997-07-18 00:00:00.000,1997-08-15 00:00:00.000,null,null,null,null,null,null,null
null,null,1997-07-21 00:00:00.000,1997-08-18 00:00:00.000,null,null,null,null,null,null,null
null,null,1997-07-22 00:00:00.000,1997-08-19 00:00:00.000,null,null,null,null,null,null,null
null,null,1997-07-22 00:00:00.000,1997-08-19 00:00:00.000,null,null,null,null,null,null,null
null,null,1997-07-23 00:00:00.000,1997-08-20 00:00:00.000,null,null,null,null,null,null,null
null,null,1997-07-24 00:00:00.000,1997-08-21 00:00:00.000,null,null,null,null,null,null,null
null,null,1997-07-25 00:00:00.000,1997-08-22 00:00:00.000,null,null,null,null,null,null,null
null,null,1997-07-25 00:00:00.000,1997-08-22 00:00:00.000,null,null,null,null,null,null,null
null,null,1997-07-28 00:00:00.000,1997-08-25 00:00:00.000,null,null,null,null,null,null,null
null,null,1997-07-29 00:00:00.000,1997-08-26 00:00:00.000,null,null,null,null,null,null,null
null,null,1997-07-29 00:00:00.000,1997-08-26 00:00:00.000,null,null,null,null,null,null,null
null,null,1997-07-30 00:00:00.000,1997-08-27 00:00:00.000,null,null,null,null,null,null,null
null,null,1997-07-31 00:00:00.000,1997-08-28 00:00:00.000,null,null,null,null,null,null,null
null,null,1997-07-31 00:00:00.000,1997-08-28 00:00:00.000,null,null,null,null,null,null,null
null,null,1997-08-01 00:00:00.000,1997-09-12 00:00:00.000,null,null,null,null,null,null,null
null,null,1997-08-04 00:00:00.000,1997-09-01 00:00:00.000,null,null,null,null,null,null,null
null,null,1997-08-05 00:00:00.000,1997-09-02 00:00:00.000,null,null,null,null,null,null,null
null,null,1997-08-05 00:00:00.000,1997-09-02 00:00:00.000,null,null,null,null,null,null,null
null,null,1997-08-06 00:00:00.000,1997-09-03 00:00:00.000,null,null,null,null,null,null,null
null,null,1997-08-07 00:00:00.000,1997-09-04 00:00:00.000,null,null,null,null,null,null,null
null,null,1997-08-07 00:00:00.000,1997-09-04 00:00:00.000,null,null,null,null,null,null,null
null,null,1997-08-08 00:00:00.000,1997-09-05 00:00:00.000,null,null,null,null,null,null,null
null,null,1997-08-11 00:00:00.000,1997-09-08 00:00:00.000,null,null,null,null,null,null,null
null,null,1997-08-11 00:00:00.000,1997-09-22 00:00:00.000,null,null,null,null,null,null,null
null,null,1997-08-12 00:00:00.000,1997-09-09 00:00:00.000,null,null,null,null,null,null,null
null,null,1997-08-12 00:00:00.000,1997-09-09 00:00:00.000,null,null,null,null,null,null,null
null,null,1997-08-13 00:00:00.000,1997-09-10 00:00:00.000,null,null,null,null,null,null,null
null,null,1997-08-14 00:00:00.000,1997-09-11 00:00:00.000,null,null,null,null,null,null,null
null,null,1997-08-14 00:00:00.000,1997-09-11 00:00:00.000,null,null,null,null,null,null,null
null,null,1997-08-15 00:00:00.000,1997-09-12 00:00:00.000,null,null,null,null,null,null,null
null,null,1997-08-15 00:00:00.000,1997-09-12 00:00:00.000,null,null,null,null,null,null,null
null,null,1997-08-18 00:00:00.000,1997-09-15 00:00:00.000,null,null,null,null,null,null,null
null,null,1997-08-19 00:00:00.000,1997-09-16 00:00:00.000,null,null,null,null,null,null,null
null,null,1997-08-19 00:00:00.000,1997-09-16 00:00:00.000,null,null,null,null,null,null,null
null,null,1997-08-20 00:00:00.000,1997-09-17 00:00:00.000,null,null,null,null,null,null,null
null,null,1997-08-20 00:00:00.000,1997-09-17 00:00:00.000,null,null,null,null,null,null,null
null,null,1997-08-21 00:00:00.000,1997-09-18 00:00:00.000,null,null,null,null,null,null,null
null,null,1997-08-22 00:00:00.000,1997-09-19 00:00:00.000,null,null,null,null,null,null,null
null,null,1997-08-22 00:00:00.000,1997-09-19 00:00:00.000,null,null,null,null,null,null,null
null,null,1997-08-25 00:00:00.000,1997-09-22 00:00:00.000,null,null,null,null,null,null,null
null,null,1997-08-25 00:00:00.000,1997-09-22 00:00:00.000,null,null,null,null,null,null,null
null,null,1997-08-26 00:00:00.000,1997-09-23 00:00:00.000,null,null,null,null,null,null,null
null,null,1997-08-27 00:00:00.000,1997-10-08 00:00:00.000,null,null,null,null,null,null,null
null,null,1997-08-27 00:00:00.000,1997-09-10 00:00:00.000,null,null,null,null,null,null,null
null,null,1997-08-28 00:00:00.000,1997-10-09 00:00:00.000,null,null,null,null,null,null,null
null,null,1997-08-28 00:00:00.000,1997-09-25 00:00:00.000,null,null,null,null,null,null,null
null,null,1997-08-29 00:00:00.000,1997-09-26 00:00:00.000,null,null,null,null,null,null,null
null,null,1997-09-01 00:00:00.000,1997-09-29 00:00:00.000,null,null,null,null,null,null,null
null,null,1997-09-01 00:00:00.000,1997-09-29 00:00:00.000,null,null,null,null,null,null,null
null,null,1997-09-02 00:00:00.000,1997-09-30 00:00:00.000,null,null,null,null,null,null,null
null,null,1997-09-02 00:00:00.000,1997-09-30 00:00:00.000,null,null,null,null,null,null,null
null,null,1997-09-03 00:00:00.000,1997-10-01 00:00:00.000,null,null,null,null,null,null,null
null,null,1997-09-04 00:00:00.000,1997-10-02 00:00:00.000,null,null,null,null,null,null,null
null,null,1997-09-04 00:00:00.000,1997-10-02 00:00:00.000,null,null,null,null,null,null,null
null,null,1997-09-05 00:00:00.000,1997-10-03 00:00:00.000,null,null,null,null,null,null,null
null,null,1997-09-05 00:00:00.000,1997-10-03 00:00:00.000,null,null,null,null,null,null,null
null,null,1997-09-08 00:00:00.000,1997-10-06 00:00:00.000,null,null,null,null,null,null,null
null,null,1997-09-09 00:00:00.000,1997-10-07 00:00:00.000,null,null,null,null,null,null,null
null,null,1997-09-09 00:00:00.000,1997-10-07 00:00:00.000,null,null,null,null,null,null,null
null,null,1997-09-10 00:00:00.000,1997-09-24 00:00:00.000,null,null,null,null,null,null,null
null,null,1997-09-10 00:00:00.000,1997-10-08 00:00:00.000,null,null,null,null,null,null,null
null,null,1997-09-11 00:00:00.000,1997-10-09 00:00:00.000,null,null,null,null,null,null,null
null,null,1997-09-12 00:00:00.000,1997-10-10 00:00:00.000,null,null,null,null,null,null,null
null,null,1997-09-12 00:00:00.000,1997-10-10 00:00:00.000,null,null,null,null,null,null,null
null,null,1997-09-15 00:00:00.000,1997-10-13 00:00:00.000,null,null,null,null,null,null,null
null,null,1997-09-15 00:00:00.000,1997-10-13 00:00:00.000,null,null,null,null,null,null,null
null,null,1997-09-16 00:00:00.000,1997-10-14 00:00:00.000,null,null,null,null,null,null,null
null,null,1997-09-17 00:00:00.000,1997-10-15 00:00:00.000,null,null,null,null,null,null,null
null,null,1997-09-17 00:00:00.000,1997-10-01 00:00:00.000,null,null,null,null,null,null,null
null,null,1997-09-18 00:00:00.000,1997-10-16 00:00:00.000,null,null,null,null,null,null,null
null,null,1997-09-18 00:00:00.000,1997-10-16 00:00:00.000,null,null,null,null,null,null,null
null,null,1997-09-19 00:00:00.000,1997-10-17 00:00:00.000,null,null,null,null,null,null,null
null,null,1997-09-22 00:00:00.000,1997-10-20 00:00:00.000,null,null,null,null,null,null,null
null,null,1997-09-22 00:00:00.000,1997-10-20 00:00:00.000,null,null,null,null,null,null,null
null,null,1997-09-23 00:00:00.000,1997-10-21 00:00:00.000,null,null,null,null,null,null,null
null,null,1997-09-23 00:00:00.000,1997-10-21 00:00:00.000,null,null,null,null,null,null,null
null,null,1997-09-24 00:00:00.000,1997-10-22 00:00:00.000,null,null,null,null,null,null,null
null,null,1997-09-25 00:00:00.000,1997-10-23 00:00:00.000,null,null,null,null,null,null,null
null,null,1997-09-25 00:00:00.000,1997-10-23 00:00:00.000,null,null,null,null,null,null,null
null,null,1997-09-26 00:00:00.000,1997-10-24 00:00:00.000,null,null,null,null,null,null,null
null,null,1997-09-26 00:00:00.000,1997-10-24 00:00:00.000,null,null,null,null,null,null,null
null,null,1997-09-29 00:00:00.000,1997-10-13 00:00:00.000,null,null,null,null,null,null,null
null,null,1997-09-30 00:00:00.000,1997-10-28 00:00:00.000,null,null,null,null,null,null,null
null,null,1997-09-30 00:00:00.000,1997-10-28 00:00:00.000,null,null,null,null,null,null,null
null,null,1997-10-01 00:00:00.000,1997-10-15 00:00:00.000,null,null,null,null,null,null,null
null,null,1997-10-01 00:00:00.000,1997-10-29 00:00:00.000,null,null,null,null,null,null,null
null,null,1997-10-02 00:00:00.000,1997-10-30 00:00:00.000,null,null,null,null,null,null,null
null,null,1997-10-03 00:00:00.000,1997-11-14 00:00:00.000,null,null,null,null,null,null,null
null,null,1997-10-03 00:00:00.000,1997-10-31 00:00:00.000,null,null,null,null,null,null,null
null,null,1997-10-06 00:00:00.000,1997-10-20 00:00:00.000,null,null,null,null,null,null,null
null,null,1997-10-06 00:00:00.000,1997-11-03 00:00:00.000,null,null,null,null,null,null,null
null,null,1997-10-07 00:00:00.000,1997-11-18 00:00:00.000,null,null,null,null,null,null,null
null,null,1997-10-08 00:00:00.000,1997-11-19 00:00:00.000,null,null,null,null,null,null,null
null,null,1997-10-08 00:00:00.000,1997-11-05 00:00:00.000,null,null,null,null,null,null,null
null,null,1997-10-09 00:00:00.000,1997-11-06 00:00:00.000,null,null,null,null,null,null,null
null,null,1997-10-09 00:00:00.000,1997-11-06 00:00:00.000,null,null,null,null,null,null,null
null,null,1997-10-10 00:00:00.000,1997-11-07 00:00:00.000,null,null,null,null,null,null,null
null,null,1997-10-13 00:00:00.000,1997-10-27 00:00:00.000,null,null,null,null,null,null,null
null,null,1997-10-13 00:00:00.000,1997-11-24 00:00:00.000,null,null,null,null,null,null,null
null,null,1997-10-14 00:00:00.000,1997-11-11 00:00:00.000,null,null,null,null,null,null,null
null,null,1997-10-14 00:00:00.000,1997-11-11 00:00:00.000,null,null,null,null,null,null,null
null,null,1997-10-15 00:00:00.000,1997-11-12 00:00:00.000,null,null,null,null,null,null,null
null,null,1997-10-16 00:00:00.000,1997-11-13 00:00:00.000,null,null,null,null,null,null,null
null,null,1997-10-16 00:00:00.000,1997-10-30 00:00:00.000,null,null,null,null,null,null,null
null,null,1997-10-17 00:00:00.000,1997-11-28 00:00:00.000,null,null,null,null,null,null,null
null,null,1997-10-17 00:00:00.000,1997-11-14 00:00:00.000,null,null,null,null,null,null,null
null,null,1997-10-20 00:00:00.000,1997-11-17 00:00:00.000,null,null,null,null,null,null,null
null,null,1997-10-21 00:00:00.000,1997-12-02 00:00:00.000,null,null,null,null,null,null,null
null,null,1997-10-21 00:00:00.000,1997-11-18 00:00:00.000,null,null,null,null,null,null,null
null,null,1997-10-22 00:00:00.000,1997-11-19 00:00:00.000,null,null,null,null,null,null,null
null,null,1997-10-22 00:00:00.000,1997-11-19 00:00:00.000,null,null,null,null,null,null,null
null,null,1997-10-23 00:00:00.000,1997-11-06 00:00:00.000,null,null,null,null,null,null,null
null,null,1997-10-24 00:00:00.000,1997-11-21 00:00:00.000,null,null,null,null,null,null,null
null,null,1997-10-24 00:00:00.000,1997-11-21 00:00:00.000,null,null,null,null,null,null,null
null,null,1997-10-27 00:00:00.000,1997-11-24 00:00:00.000,null,null,null,null,null,null,null
null,null,1997-10-27 00:00:00.000,1997-11-24 00:00:00.000,null,null,null,null,null,null,null
null,null,1997-10-28 00:00:00.000,1997-11-11 00:00:00.000,null,null,null,null,null,null,null
null,null,1997-10-29 00:00:00.000,1997-11-26 00:00:00.000,null,null,null,null,null,null,null
null,null,1997-10-29 00:00:00.000,1997-12-10 00:00:00.000,null,null,null,null,null,null,null
null,null,1997-10-30 00:00:00.000,1997-11-27 00:00:00.000,null,null,null,null,null,null,null
null,null,1997-10-30 00:00:00.000,1997-12-11 00:00:00.000,null,null,null,null,null,null,null
null,null,1997-10-31 00:00:00.000,1997-11-28 00:00:00.000,null,null,null,null,null,null,null
null,null,1997-11-03 00:00:00.000,1997-11-17 00:00:00.000,null,null,null,null,null,null,null
null,null,1997-11-03 00:00:00.000,1997-12-01 00:00:00.000,null,null,null,null,null,null,null
null,null,1997-11-04 00:00:00.000,1997-12-02 00:00:00.000,null,null,null,null,null,null,null
null,null,1997-11-04 00:00:00.000,1997-12-16 00:00:00.000,null,null,null,null,null,null,null
null,null,1997-11-05 00:00:00.000,1997-12-03 00:00:00.000,null,null,null,null,null,null,null
null,null,1997-11-06 00:00:00.000,1997-12-04 00:00:00.000,null,null,null,null,null,null,null
null,null,1997-11-06 00:00:00.000,1997-12-04 00:00:00.000,null,null,null,null,null,null,null
null,null,1997-11-07 00:00:00.000,1997-12-05 00:00:00.000,null,null,null,null,null,null,null
null,null,1997-11-07 00:00:00.000,1997-12-05 00:00:00.000,null,null,null,null,null,null,null
null,null,1997-11-10 00:00:00.000,1997-12-08 00:00:00.000,null,null,null,null,null,null,null
null,null,1997-11-11 00:00:00.000,1997-12-09 00:00:00.000,null,null,null,null,null,null,null
null,null,1997-11-11 00:00:00.000,1997-12-09 00:00:00.000,null,null,null,null,null,null,null
null,null,1997-11-12 00:00:00.000,1997-12-10 00:00:00.000,null,null,null,null,null,null,null
null,null,1997-11-12 00:00:00.000,1997-12-10 00:00:00.000,null,null,null,null,null,null,null
null,null,1997-11-13 00:00:00.000,1997-12-11 00:00:00.000,null,null,null,null,null,null,null
null,null,1997-11-14 00:00:00.000,1997-11-28 00:00:00.000,null,null,null,null,null,null,null
null,null,1997-11-14 00:00:00.000,1997-12-12 00:00:00.000,null,null,null,null,null,null,null
null,null,1997-11-17 00:00:00.000,1997-12-15 00:00:00.000,null,null,null,null,null,null,null
null,null,1997-11-17 00:00:00.000,1997-12-15 00:00:00.000,null,null,null,null,null,null,null
null,null,1997-11-18 00:00:00.000,1997-12-16 00:00:00.000,null,null,null,null,null,null,null
null,null,1997-11-19 00:00:00.000,1997-12-17 00:00:00.000,null,null,null,null,null,null,null
null,null,1997-11-19 00:00:00.000,1997-12-17 00:00:00.000,null,null,null,null,null,null,null
null,null,1997-11-20 00:00:00.000,1997-12-18 00:00:00.000,null,null,null,null,null,null,null
null,null,1997-11-20 00:00:00.000,1997-12-18 00:00:00.000,null,null,null,null,null,null,null
null,null,1997-11-21 00:00:00.000,1997-12-19 00:00:00.000,null,null,null,null,null,null,null
null,null,1997-11-24 00:00:00.000,1997-12-22 00:00:00.000,null,null,null,null,null,null,null
null,null,1997-11-24 00:00:00.000,1997-12-22 00:00:00.000,null,null,null,null,null,null,null
null,null,1997-11-25 00:00:00.000,1997-12-23 00:00:00.000,null,null,null,null,null,null,null
null,null,1997-11-25 00:00:00.000,1997-12-23 00:00:00.000,null,null,null,null,null,null,null
null,null,1997-11-26 00:00:00.000,1997-12-24 00:00:00.000,null,null,null,null,null,null,null
null,null,1997-11-27 00:00:00.000,1997-12-25 00:00:00.000,null,null,null,null,null,null,null
null,null,1997-11-27 00:00:00.000,1997-12-25 00:00:00.000,null,null,null,null,null,null,null
null,null,1997-11-28 00:00:00.000,1997-12-26 00:00:00.000,null,null,null,null,null,null,null
null,null,1997-11-28 00:00:00.000,1997-12-26 00:00:00.000,null,null,null,null,null,null,null
null,null,1997-12-01 00:00:00.000,1997-12-29 00:00:00.000,null,null,null,null,null,null,null
null,null,1997-12-02 00:00:00.000,1997-12-30 00:00:00.000,null,null,null,null,null,null,null
null,null,1997-12-02 00:00:00.000,1997-12-30 00:00:00.000,null,null,null,null,null,null,null
null,null,1997-12-03 00:00:00.000,1997-12-31 00:00:00.000,null,null,null,null,null,null,null
null,null,1997-12-03 00:00:00.000,1997-12-31 00:00:00.000,null,null,null,null,null,null,null
null,null,1997-12-04 00:00:00.000,1998-01-01 00:00:00.000,null,null,null,null,null,null,null
null,null,1997-12-05 00:00:00.000,1998-01-02 00:00:00.000,null,null,null,null,null,null,null
null,null,1997-12-05 00:00:00.000,1998-01-02 00:00:00.000,null,null,null,null,null,null,null
null,null,1997-12-08 00:00:00.000,1998-01-05 00:00:00.000,null,null,null,null,null,null,null
null,null,1997-12-08 00:00:00.000,1998-01-05 00:00:00.000,null,null,null,null,null,null,null
null,null,1997-12-09 00:00:00.000,1998-01-06 00:00:00.000,null,null,null,null,null,null,null
null,null,1997-12-10 00:00:00.000,1998-01-07 00:00:00.000,null,null,null,null,null,null,null
null,null,1997-12-10 00:00:00.000,1998-01-07 00:00:00.000,null,null,null,null,null,null,null
null,null,1997-12-11 00:00:00.000,1998-01-08 00:00:00.000,null,null,null,null,null,null,null
null,null,1997-12-11 00:00:00.000,1997-12-25 00:00:00.000,null,null,null,null,null,null,null
null,null,1997-12-12 00:00:00.000,1998-01-09 00:00:00.000,null,null,null,null,null,null,null
null,null,1997-12-15 00:00:00.000,1998-01-12 00:00:00.000,null,null,null,null,null,null,null
null,null,1997-12-15 00:00:00.000,1997-12-29 00:00:00.000,null,null,null,null,null,null,null
null,null,1997-12-16 00:00:00.000,1998-01-13 00:00:00.000,null,null,null,null,null,null,null
null,null,1997-12-16 00:00:00.000,1998-01-13 00:00:00.000,null,null,null,null,null,null,null
null,null,1997-12-16 00:00:00.000,1997-12-30 00:00:00.000,null,null,null,null,null,null,null
null,null,1997-12-17 00:00:00.000,1998-01-14 00:00:00.000,null,null,null,null,null,null,null
null,null,1997-12-17 00:00:00.000,1998-01-14 00:00:00.000,null,null,null,null,null,null,null
null,null,1997-12-18 00:00:00.000,1998-01-15 00:00:00.000,null,null,null,null,null,null,null
null,null,1997-12-18 00:00:00.000,1998-01-15 00:00:00.000,null,null,null,null,null,null,null
null,null,1997-12-18 00:00:00.000,1998-01-15 00:00:00.000,null,null,null,null,null,null,null
null,null,1997-12-19 00:00:00.000,1998-01-16 00:00:00.000,null,null,null,null,null,null,null
null,null,1997-12-19 00:00:00.000,1998-01-02 00:00:00.000,null,null,null,null,null,null,null
null,null,1997-12-22 00:00:00.000,1998-01-19 00:00:00.000,null,null,null,null,null,null,null
null,null,1997-12-22 00:00:00.000,1998-01-19 00:00:00.000,null,null,null,null,null,null,null
null,null,1997-12-22 00:00:00.000,1998-01-19 00:00:00.000,null,null,null,null,null,null,null
null,null,1997-12-23 00:00:00.000,1998-01-20 00:00:00.000,null,null,null,null,null,null,null
null,null,1997-12-23 00:00:00.000,1998-01-20 00:00:00.000,null,null,null,null,null,null,null
null,null,1997-12-24 00:00:00.000,1998-01-21 00:00:00.000,null,null,null,null,null,null,null
null,null,1997-12-24 00:00:00.000,1998-01-21 00:00:00.000,null,null,null,null,null,null,null
null,null,1997-12-24 00:00:00.000,1998-01-21 00:00:00.000,null,null,null,null,null,null,null
null,null,1997-12-25 00:00:00.000,1998-01-22 00:00:00.000,null,null,null,null,null,null,null
null,null,1997-12-25 00:00:00.000,1998-01-22 00:00:00.000,null,null,null,null,null,null,null
null,null,1997-12-26 00:00:00.000,1998-01-23 00:00:00.000,null,null,null,null,null,null,null
null,null,1997-12-26 00:00:00.000,1998-02-06 00:00:00.000,null,null,null,null,null,null,null
null,null,1997-12-26 00:00:00.000,1998-01-23 00:00:00.000,null,null,null,null,null,null,null
null,null,1997-12-29 00:00:00.000,1998-01-26 00:00:00.000,null,null,null,null,null,null,null
null,null,1997-12-29 00:00:00.000,1998-01-26 00:00:00.000,null,null,null,null,null,null,null
null,null,1997-12-30 00:00:00.000,1998-01-27 00:00:00.000,null,null,null,null,null,null,null
null,null,1997-12-30 00:00:00.000,1998-01-27 00:00:00.000,null,null,null,null,null,null,null
null,null,1997-12-30 00:00:00.000,1998-01-27 00:00:00.000,null,null,null,null,null,null,null
null,null,1997-12-31 00:00:00.000,1998-01-28 00:00:00.000,null,null,null,null,null,null,null
null,null,1997-12-31 00:00:00.000,1998-01-28 00:00:00.000,null,null,null,null,null,null,null
null,null,1998-01-01 00:00:00.000,1998-01-29 00:00:00.000,null,null,null,null,null,null,null
null,null,1998-01-01 00:00:00.000,1998-01-29 00:00:00.000,null,null,null,null,null,null,null
null,null,1998-01-01 00:00:00.000,1998-01-29 00:00:00.000,null,null,null,null,null,null,null
null,null,1998-01-02 00:00:00.000,1998-01-30 00:00:00.000,null,null,null,null,null,null,null
null,null,1998-01-02 00:00:00.000,1998-01-30 00:00:00.000,null,null,null,null,null,null,null
null,null,1998-01-05 00:00:00.000,1998-02-02 00:00:00.000,null,null,null,null,null,null,null
null,null,1998-01-05 00:00:00.000,1998-02-02 00:00:00.000,null,null,null,null,null,null,null
null,null,1998-01-05 00:00:00.000,1998-02-02 00:00:00.000,null,null,null,null,null,null,null
null,null,1998-01-06 00:00:00.000,1998-02-03 00:00:00.000,null,null,null,null,null,null,null
null,null,1998-01-06 00:00:00.000,1998-01-20 00:00:00.000,null,null,null,null,null,null,null
null,null,1998-01-07 00:00:00.000,1998-02-04 00:00:00.000,null,null,null,null,null,null,null
null,null,1998-01-07 00:00:00.000,1998-02-04 00:00:00.000,null,null,null,null,null,null,null
null,null,1998-01-07 00:00:00.000,1998-02-04 00:00:00.000,null,null,null,null,null,null,null
null,null,1998-01-08 00:00:00.000,1998-02-05 00:00:00.000,null,null,null,null,null,null,null
null,null,1998-01-08 00:00:00.000,1998-02-05 00:00:00.000,null,null,null,null,null,null,null
null,null,1998-01-09 00:00:00.000,1998-02-06 00:00:00.000,null,null,null,null,null,null,null
null,null,1998-01-09 00:00:00.000,1998-02-06 00:00:00.000,null,null,null,null,null,null,null
null,null,1998-01-09 00:00:00.000,1998-02-06 00:00:00.000,null,null,null,null,null,null,null
null,null,1998-01-12 00:00:00.000,1998-02-09 00:00:00.000,null,null,null,null,null,null,null
null,null,1998-01-12 00:00:00.000,1998-01-26 00:00:00.000,null,null,null,null,null,null,null
null,null,1998-01-13 00:00:00.000,1998-01-27 00:00:00.000,null,null,null,null,null,null,null
null,null,1998-01-13 00:00:00.000,1998-02-10 00:00:00.000,null,null,null,null,null,null,null
null,null,1998-01-13 00:00:00.000,1998-02-24 00:00:00.000,null,null,null,null,null,null,null
null,null,1998-01-14 00:00:00.000,1998-02-11 00:00:00.000,null,null,null,null,null,null,null
null,null,1998-01-14 00:00:00.000,1998-02-11 00:00:00.000,null,null,null,null,null,null,null
null,null,1998-01-15 00:00:00.000,1998-02-12 00:00:00.000,null,null,null,null,null,null,null
null,null,1998-01-15 00:00:00.000,1998-02-12 00:00:00.000,null,null,null,null,null,null,null
null,null,1998-01-15 00:00:00.000,1998-02-12 00:00:00.000,null,null,null,null,null,null,null
null,null,1998-01-16 00:00:00.000,1998-02-13 00:00:00.000,null,null,null,null,null,null,null
null,null,1998-01-16 00:00:00.000,1998-02-13 00:00:00.000,null,null,null,null,null,null,null
null,null,1998-01-19 00:00:00.000,1998-02-16 00:00:00.000,null,null,null,null,null,null,null
null,null,1998-01-19 00:00:00.000,1998-02-16 00:00:00.000,null,null,null,null,null,null,null
null,null,1998-01-19 00:00:00.000,1998-03-02 00:00:00.000,null,null,null,null,null,null,null
null,null,1998-01-20 00:00:00.000,1998-02-17 00:00:00.000,null,null,null,null,null,null,null
null,null,1998-01-20 00:00:00.000,1998-02-17 00:00:00.000,null,null,null,null,null,null,null
null,null,1998-01-21 00:00:00.000,1998-02-18 00:00:00.000,null,null,null,null,null,null,null
null,null,1998-01-21 00:00:00.000,1998-02-18 00:00:00.000,null,null,null,null,null,null,null
null,null,1998-01-21 00:00:00.000,1998-02-04 00:00:00.000,null,null,null,null,null,null,null
null,null,1998-01-22 00:00:00.000,1998-03-05 00:00:00.000,null,null,null,null,null,null,null
null,null,1998-01-22 00:00:00.000,1998-02-05 00:00:00.000,null,null,null,null,null,null,null
null,null,1998-01-23 00:00:00.000,1998-02-20 00:00:00.000,null,null,null,null,null,null,null
null,null,1998-01-23 00:00:00.000,1998-02-20 00:00:00.000,null,null,null,null,null,null,null
null,null,1998-01-23 00:00:00.000,1998-03-06 00:00:00.000,null,null,null,null,null,null,null
null,null,1998-01-26 00:00:00.000,1998-02-23 00:00:00.000,null,null,null,null,null,null,null
null,null,1998-01-26 00:00:00.000,1998-02-09 00:00:00.000,null,null,null,null,null,null,null
null,null,1998-01-27 00:00:00.000,1998-02-24 00:00:00.000,null,null,null,null,null,null,null
null,null,1998-01-27 00:00:00.000,1998-02-24 00:00:00.000,null,null,null,null,null,null,null
null,null,1998-01-27 00:00:00.000,1998-02-24 00:00:00.000,null,null,null,null,null,null,null
null,null,1998-01-28 00:00:00.000,1998-02-25 00:00:00.000,null,null,null,null,null,null,null
null,null,1998-01-28 00:00:00.000,1998-02-25 00:00:00.000,null,null,null,null,null,null,null
null,null,1998-01-29 00:00:00.000,1998-02-26 00:00:00.000,null,null,null,null,null,null,null
null,null,1998-01-29 00:00:00.000,1998-02-26 00:00:00.000,null,null,null,null,null,null,null
null,null,1998-01-29 00:00:00.000,1998-02-26 00:00:00.000,null,null,null,null,null,null,null
null,null,1998-01-30 00:00:00.000,1998-02-27 00:00:00.000,null,null,null,null,null,null,null
null,null,1998-01-30 00:00:00.000,1998-03-13 00:00:00.000,null,null,null,null,null,null,null
null,null,1998-02-02 00:00:00.000,1998-03-02 00:00:00.000,null,null,null,null,null,null,null
null,null,1998-02-02 00:00:00.000,1998-03-02 00:00:00.000,null,null,null,null,null,null,null
null,null,1998-02-02 00:00:00.000,1998-02-16 00:00:00.000,null,null,null,null,null,null,null
null,null,1998-02-03 00:00:00.000,1998-03-03 00:00:00.000,null,null,null,null,null,null,null
null,null,1998-02-03 00:00:00.000,1998-03-17 00:00:00.000,null,null,null,null,null,null,null
null,null,1998-02-04 00:00:00.000,1998-03-04 00:00:00.000,null,null,null,null,null,null,null
null,null,1998-02-04 00:00:00.000,1998-03-04 00:00:00.000,null,null,null,null,null,null,null
null,null,1998-02-04 00:00:00.000,1998-03-04 00:00:00.000,null,null,null,null,null,null,null
null,null,1998-02-05 00:00:00.000,1998-03-05 00:00:00.000,null,null,null,null,null,null,null
null,null,1998-02-05 00:00:00.000,1998-03-05 00:00:00.000,null,null,null,null,null,null,null
null,null,1998-02-06 00:00:00.000,1998-03-06 00:00:00.000,null,null,null,null,null,null,null
null,null,1998-02-06 00:00:00.000,1998-03-06 00:00:00.000,null,null,null,null,null,null,null
null,null,1998-02-06 00:00:00.000,1998-03-06 00:00:00.000,null,null,null,null,null,null,null
null,null,1998-02-09 00:00:00.000,1998-03-09 00:00:00.000,null,null,null,null,null,null,null
null,null,1998-02-09 00:00:00.000,1998-03-09 00:00:00.000,null,null,null,null,null,null,null
null,null,1998-02-10 00:00:00.000,1998-03-10 00:00:00.000,null,null,null,null,null,null,null
null,null,1998-02-10 00:00:00.000,1998-03-10 00:00:00.000,null,null,null,null,null,null,null
null,null,1998-02-10 00:00:00.000,1998-03-24 00:00:00.000,null,null,null,null,null,null,null
null,null,1998-02-11 00:00:00.000,1998-03-11 00:00:00.000,null,null,null,null,null,null,null
null,null,1998-02-11 00:00:00.000,1998-03-11 00:00:00.000,null,null,null,null,null,null,null
null,null,1998-02-12 00:00:00.000,1998-03-12 00:00:00.000,null,null,null,null,null,null,null
null,null,1998-02-12 00:00:00.000,1998-03-12 00:00:00.000,null,null,null,null,null,null,null
null,null,1998-02-12 00:00:00.000,1998-03-12 00:00:00.000,null,null,null,null,null,null,null
null,null,1998-02-13 00:00:00.000,1998-03-13 00:00:00.000,null,null,null,null,null,null,null
null,null,1998-02-13 00:00:00.000,1998-03-13 00:00:00.000,null,null,null,null,null,null,null
null,null,1998-02-16 00:00:00.000,1998-03-16 00:00:00.000,null,null,null,null,null,null,null
null,null,1998-02-16 00:00:00.000,1998-03-16 00:00:00.000,null,null,null,null,null,null,null
null,null,1998-02-16 00:00:00.000,1998-03-16 00:00:00.000,null,null,null,null,null,null,null
null,null,1998-02-17 00:00:00.000,1998-03-17 00:00:00.000,null,null,null,null,null,null,null
null,null,1998-02-17 00:00:00.000,1998-03-17 00:00:00.000,null,null,null,null,null,null,null
null,null,1998-02-18 00:00:00.000,1998-03-18 00:00:00.000,null,null,null,null,null,null,null
null,null,1998-02-18 00:00:00.000,1998-03-18 00:00:00.000,null,null,null,null,null,null,null
null,null,1998-02-18 00:00:00.000,1998-03-18 00:00:00.000,null,null,null,null,null,null,null
null,null,1998-02-19 00:00:00.000,1998-03-19 00:00:00.000,null,null,null,null,null,null,null
null,null,1998-02-19 00:00:00.000,1998-03-19 00:00:00.000,null,null,null,null,null,null,null
null,null,1998-02-20 00:00:00.000,1998-03-20 00:00:00.000,null,null,null,null,null,null,null
null,null,1998-02-20 00:00:00.000,1998-03-20 00:00:00.000,null,null,null,null,null,null,null
null,null,1998-02-20 00:00:00.000,1998-03-20 00:00:00.000,null,null,null,null,null,null,null
null,null,1998-02-23 00:00:00.000,1998-03-23 00:00:00.000,null,null,null,null,null,null,null
null,null,1998-02-23 00:00:00.000,1998-03-23 00:00:00.000,null,null,null,null,null,null,null
null,null,1998-02-24 00:00:00.000,1998-03-24 00:00:00.000,null,null,null,null,null,null,null
null,null,1998-02-24 00:00:00.000,1998-03-24 00:00:00.000,null,null,null,null,null,null,null
null,null,1998-02-24 00:00:00.000,1998-03-24 00:00:00.000,null,null,null,null,null,null,null
null,null,1998-02-25 00:00:00.000,1998-03-11 00:00:00.000,null,null,null,null,null,null,null
null,null,1998-02-25 00:00:00.000,1998-03-25 00:00:00.000,null,null,null,null,null,null,null
null,null,1998-02-26 00:00:00.000,1998-03-26 00:00:00.000,null,null,null,null,null,null,null
null,null,1998-02-26 00:00:00.000,1998-03-26 00:00:00.000,null,null,null,null,null,null,null
null,null,1998-02-26 00:00:00.000,1998-03-26 00:00:00.000,null,null,null,null,null,null,null
null,null,1998-02-26 00:00:00.000,1998-03-26 00:00:00.000,null,null,null,null,null,null,null
null,null,1998-02-26 00:00:00.000,1998-03-26 00:00:00.000,null,null,null,null,null,null,null
null,null,1998-02-26 00:00:00.000,1998-03-26 00:00:00.000,null,null,null,null,null,null,null
null,null,1998-02-27 00:00:00.000,1998-03-27 00:00:00.000,null,null,null,null,null,null,null
null,null,1998-02-27 00:00:00.000,1998-03-27 00:00:00.000,null,null,null,null,null,null,null
null,null,1998-02-27 00:00:00.000,1998-03-27 00:00:00.000,null,null,null,null,null,null,null
null,null,1998-03-02 00:00:00.000,1998-03-30 00:00:00.000,null,null,null,null,null,null,null
null,null,1998-03-02 00:00:00.000,1998-03-30 00:00:00.000,null,null,null,null,null,null,null
null,null,1998-03-02 00:00:00.000,1998-03-30 00:00:00.000,null,null,null,null,null,null,null
null,null,1998-03-03 00:00:00.000,1998-03-31 00:00:00.000,null,null,null,null,null,null,null
null,null,1998-03-03 00:00:00.000,1998-04-14 00:00:00.000,null,null,null,null,null,null,null
null,null,1998-03-03 00:00:00.000,1998-03-31 00:00:00.000,null,null,null,null,null,null,null
null,null,1998-03-03 00:00:00.000,1998-04-14 00:00:00.000,null,null,null,null,null,null,null
null,null,1998-03-04 00:00:00.000,1998-04-01 00:00:00.000,null,null,null,null,null,null,null
null,null,1998-03-04 00:00:00.000,1998-04-01 00:00:00.000,null,null,null,null,null,null,null
null,null,1998-03-04 00:00:00.000,1998-04-01 00:00:00.000,null,null,null,null,null,null,null
null,null,1998-03-05 00:00:00.000,1998-04-02 00:00:00.000,null,null,null,null,null,null,null
null,null,1998-03-05 00:00:00.000,1998-04-02 00:00:00.000,null,null,null,null,null,null,null
null,null,1998-03-05 00:00:00.000,1998-04-02 00:00:00.000,null,null,null,null,null,null,null
null,null,1998-03-06 00:00:00.000,1998-04-17 00:00:00.000,null,null,null,null,null,null,null
null,null,1998-03-06 00:00:00.000,1998-03-20 00:00:00.000,null,null,null,null,null,null,null
null,null,1998-03-06 00:00:00.000,1998-04-03 00:00:00.000,null,null,null,null,null,null,null
null,null,1998-03-06 00:00:00.000,1998-04-03 00:00:00.000,null,null,null,null,null,null,null
null,null,1998-03-09 00:00:00.000,1998-04-06 00:00:00.000,null,null,null,null,null,null,null
null,null,1998-03-09 00:00:00.000,1998-04-06 00:00:00.000,null,null,null,null,null,null,null
null,null,1998-03-09 00:00:00.000,1998-04-06 00:00:00.000,null,null,null,null,null,null,null
null,null,1998-03-10 00:00:00.000,1998-03-24 00:00:00.000,null,null,null,null,null,null,null
null,null,1998-03-10 00:00:00.000,1998-04-07 00:00:00.000,null,null,null,null,null,null,null
null,null,1998-03-10 00:00:00.000,1998-04-07 00:00:00.000,null,null,null,null,null,null,null
null,null,1998-03-11 00:00:00.000,1998-04-08 00:00:00.000,null,null,null,null,null,null,null
null,null,1998-03-11 00:00:00.000,1998-04-08 00:00:00.000,null,null,null,null,null,null,null
null,null,1998-03-11 00:00:00.000,1998-04-08 00:00:00.000,null,null,null,null,null,null,null
null,null,1998-03-11 00:00:00.000,1998-04-08 00:00:00.000,null,null,null,null,null,null,null
null,null,1998-03-12 00:00:00.000,1998-03-26 00:00:00.000,null,null,null,null,null,null,null
null,null,1998-03-12 00:00:00.000,1998-04-09 00:00:00.000,null,null,null,null,null,null,null
null,null,1998-03-12 00:00:00.000,1998-04-09 00:00:00.000,null,null,null,null,null,null,null
null,null,1998-03-13 00:00:00.000,1998-04-10 00:00:00.000,null,null,null,null,null,null,null
null,null,1998-03-13 00:00:00.000,1998-04-10 00:00:00.000,null,null,null,null,null,null,null
null,null,1998-03-13 00:00:00.000,1998-04-10 00:00:00.000,null,null,null,null,null,null,null
null,null,1998-03-16 00:00:00.000,1998-04-13 00:00:00.000,null,null,null,null,null,null,null
null,null,1998-03-16 00:00:00.000,1998-04-27 00:00:00.000,null,null,null,null,null,null,null
null,null,1998-03-16 00:00:00.000,1998-04-27 00:00:00.000,null,null,null,null,null,null,null
null,null,1998-03-16 00:00:00.000,1998-03-30 00:00:00.000,null,null,null,null,null,null,null
null,null,1998-03-17 00:00:00.000,1998-04-28 00:00:00.000,null,null,null,null,null,null,null
null,null,1998-03-17 00:00:00.000,1998-04-14 00:00:00.000,null,null,null,null,null,null,null
null,null,1998-03-17 00:00:00.000,1998-04-28 00:00:00.000,null,null,null,null,null,null,null
null,null,1998-03-18 00:00:00.000,1998-04-15 00:00:00.000,null,null,null,null,null,null,null
null,null,1998-03-18 00:00:00.000,1998-04-15 00:00:00.000,null,null,null,null,null,null,null
null,null,1998-03-18 00:00:00.000,1998-04-29 00:00:00.000,null,null,null,null,null,null,null
null,null,1998-03-19 00:00:00.000,1998-04-02 00:00:00.000,null,null,null,null,null,null,null
null,null,1998-03-19 00:00:00.000,1998-04-16 00:00:00.000,null,null,null,null,null,null,null
null,null,1998-03-19 00:00:00.000,1998-04-16 00:00:00.000,null,null,null,null,null,null,null
null,null,1998-03-19 00:00:00.000,1998-04-16 00:00:00.000,null,null,null,null,null,null,null
null,null,1998-03-20 00:00:00.000,1998-04-17 00:00:00.000,null,null,null,null,null,null,null
null,null,1998-03-20 00:00:00.000,1998-04-17 00:00:00.000,null,null,null,null,null,null,null
null,null,1998-03-20 00:00:00.000,1998-04-17 00:00:00.000,null,null,null,null,null,null,null
null,null,1998-03-23 00:00:00.000,1998-04-20 00:00:00.000,null,null,null,null,null,null,null
null,null,1998-03-23 00:00:00.000,1998-04-20 00:00:00.000,null,null,null,null,null,null,null
null,null,1998-03-23 00:00:00.000,1998-04-20 00:00:00.000,null,null,null,null,null,null,null
null,null,1998-03-24 00:00:00.000,1998-04-07 00:00:00.000,null,null,null,null,null,null,null
null,null,1998-03-24 00:00:00.000,1998-04-21 00:00:00.000,null,null,null,null,null,null,null
null,null,1998-03-24 00:00:00.000,1998-04-21 00:00:00.000,null,null,null,null,null,null,null
null,null,1998-03-24 00:00:00.000,1998-04-21 00:00:00.000,null,null,null,null,null,null,null
null,null,1998-03-25 00:00:00.000,1998-04-08 00:00:00.000,null,null,null,null,null,null,null
null,null,1998-03-25 00:00:00.000,1998-04-22 00:00:00.000,null,null,null,null,null,null,null
null,null,1998-03-25 00:00:00.000,1998-05-06 00:00:00.000,null,null,null,null,null,null,null
null,null,1998-03-26 00:00:00.000,1998-04-23 00:00:00.000,null,null,null,null,null,null,null
null,null,1998-03-26 00:00:00.000,1998-04-23 00:00:00.000,null,null,null,null,null,null,null
null,null,1998-03-26 00:00:00.000,1998-04-23 00:00:00.000,null,null,null,null,null,null,null
null,null,1998-03-27 00:00:00.000,1998-05-08 00:00:00.000,null,null,null,null,null,null,null
null,null,1998-03-27 00:00:00.000,1998-04-24 00:00:00.000,null,null,null,null,null,null,null
null,null,1998-03-27 00:00:00.000,1998-04-24 00:00:00.000,null,null,null,null,null,null,null
null,null,1998-03-27 00:00:00.000,1998-04-24 00:00:00.000,null,null,null,null,null,null,null
null,null,1998-03-30 00:00:00.000,1998-04-27 00:00:00.000,null,null,null,null,null,null,null
null,null,1998-03-30 00:00:00.000,1998-04-27 00:00:00.000,null,null,null,null,null,null,null
null,null,1998-03-30 00:00:00.000,1998-04-27 00:00:00.000,null,null,null,null,null,null,null
null,null,1998-03-31 00:00:00.000,1998-04-28 00:00:00.000,null,null,null,null,null,null,null
null,null,1998-03-31 00:00:00.000,1998-04-28 00:00:00.000,null,null,null,null,null,null,null
null,null,1998-03-31 00:00:00.000,1998-04-28 00:00:00.000,null,null,null,null,null,null,null
null,null,1998-04-01 00:00:00.000,1998-05-13 00:00:00.000,null,null,null,null,null,null,null
null,null,1998-04-01 00:00:00.000,1998-04-29 00:00:00.000,null,null,null,null,null,null,null
null,null,1998-04-01 00:00:00.000,1998-04-29 00:00:00.000,null,null,null,null,null,null,null
null,null,1998-04-01 00:00:00.000,1998-04-29 00:00:00.000,null,null,null,null,null,null,null
null,null,1998-04-02 00:00:00.000,1998-04-16 00:00:00.000,null,null,null,null,null,null,null
null,null,1998-04-02 00:00:00.000,1998-04-30 00:00:00.000,null,null,null,null,null,null,null
null,null,1998-04-02 00:00:00.000,1998-04-30 00:00:00.000,null,null,null,null,null,null,null
null,null,1998-04-03 00:00:00.000,1998-05-15 00:00:00.000,null,null,null,null,null,null,null
null,null,1998-04-03 00:00:00.000,1998-04-17 00:00:00.000,null,null,null,null,null,null,null
null,null,1998-04-03 00:00:00.000,1998-05-01 00:00:00.000,null,null,null,null,null,null,null
null,null,1998-04-06 00:00:00.000,1998-05-04 00:00:00.000,null,null,null,null,null,null,null
null,null,1998-04-06 00:00:00.000,1998-05-04 00:00:00.000,null,null,null,null,null,null,null
null,null,1998-04-06 00:00:00.000,1998-05-04 00:00:00.000,null,null,null,null,null,null,null
null,null,1998-04-06 00:00:00.000,1998-05-04 00:00:00.000,null,null,null,null,null,null,null
null,null,1998-04-07 00:00:00.000,1998-05-05 00:00:00.000,null,null,null,null,null,null,null
null,null,1998-04-07 00:00:00.000,1998-05-05 00:00:00.000,null,null,null,null,null,null,null
null,null,1998-04-07 00:00:00.000,1998-05-05 00:00:00.000,null,null,null,null,null,null,null
null,null,1998-04-08 00:00:00.000,1998-05-06 00:00:00.000,null,null,null,null,null,null,null
null,null,1998-04-08 00:00:00.000,1998-05-06 00:00:00.000,null,null,null,null,null,null,null
null,null,1998-04-08 00:00:00.000,1998-05-06 00:00:00.000,null,null,null,null,null,null,null
null,null,1998-04-09 00:00:00.000,1998-05-07 00:00:00.000,null,null,null,null,null,null,null
null,null,1998-04-09 00:00:00.000,1998-05-07 00:00:00.000,null,null,null,null,null,null,null
null,null,1998-04-09 00:00:00.000,1998-04-23 00:00:00.000,null,null,null,null,null,null,null
null,null,1998-04-09 00:00:00.000,1998-05-07 00:00:00.000,null,null,null,null,null,null,null
null,null,1998-04-10 00:00:00.000,1998-05-08 00:00:00.000,null,null,null,null,null,null,null
null,null,1998-04-10 00:00:00.000,1998-04-24 00:00:00.000,null,null,null,null,null,null,null
null,null,1998-04-10 00:00:00.000,1998-05-08 00:00:00.000,null,null,null,null,null,null,null
null,null,1998-04-13 00:00:00.000,1998-05-11 00:00:00.000,null,null,null,null,null,null,null
null,null,1998-04-13 00:00:00.000,1998-05-11 00:00:00.000,null,null,null,null,null,null,null
null,null,1998-04-13 00:00:00.000,1998-05-11 00:00:00.000,null,null,null,null,null,null,null
null,null,1998-04-14 00:00:00.000,1998-05-12 00:00:00.000,null,null,null,null,null,null,null
null,null,1998-04-14 00:00:00.000,1998-05-12 00:00:00.000,null,null,null,null,null,null,null
null,null,1998-04-14 00:00:00.000,1998-05-12 00:00:00.000,null,null,null,null,null,null,null
null,null,1998-04-14 00:00:00.000,1998-04-28 00:00:00.000,null,null,null,null,null,null,null
null,null,1998-04-15 00:00:00.000,1998-05-13 00:00:00.000,null,null,null,null,null,null,null
null,null,1998-04-15 00:00:00.000,1998-05-13 00:00:00.000,null,null,null,null,null,null,null
null,null,1998-04-15 00:00:00.000,1998-05-13 00:00:00.000,null,null,null,null,null,null,null
null,null,1998-04-16 00:00:00.000,1998-05-14 00:00:00.000,null,null,null,null,null,null,null
null,null,1998-04-16 00:00:00.000,1998-05-14 00:00:00.000,null,null,null,null,null,null,null
null,null,1998-04-16 00:00:00.000,1998-05-14 00:00:00.000,null,null,null,null,null,null,null
null,null,1998-04-17 00:00:00.000,1998-05-15 00:00:00.000,null,null,null,null,null,null,null
null,null,1998-04-17 00:00:00.000,1998-05-15 00:00:00.000,null,null,null,null,null,null,null
null,null,1998-04-17 00:00:00.000,1998-05-15 00:00:00.000,null,null,null,null,null,null,null
null,null,1998-04-17 00:00:00.000,1998-05-15 00:00:00.000,null,null,null,null,null,null,null
null,null,1998-04-20 00:00:00.000,1998-06-01 00:00:00.000,null,null,null,null,null,null,null
null,null,1998-04-20 00:00:00.000,1998-05-18 00:00:00.000,null,null,null,null,null,null,null
null,null,1998-04-20 00:00:00.000,1998-05-18 00:00:00.000,null,null,null,null,null,null,null
null,null,1998-04-21 00:00:00.000,1998-05-19 00:00:00.000,null,null,null,null,null,null,null
null,null,1998-04-21 00:00:00.000,1998-05-19 00:00:00.000,null,null,null,null,null,null,null
null,null,1998-04-21 00:00:00.000,1998-05-19 00:00:00.000,null,null,null,null,null,null,null
null,null,1998-04-22 00:00:00.000,1998-05-20 00:00:00.000,null,null,null,null,null,null,null
null,null,1998-04-22 00:00:00.000,1998-05-20 00:00:00.000,null,null,null,null,null,null,null
null,null,1998-04-22 00:00:00.000,1998-05-06 00:00:00.000,null,null,null,null,null,null,null
null,null,1998-04-22 00:00:00.000,1998-05-20 00:00:00.000,null,null,null,null,null,null,null
null,null,1998-04-23 00:00:00.000,1998-05-21 00:00:00.000,null,null,null,null,null,null,null
null,null,1998-04-23 00:00:00.000,1998-05-21 00:00:00.000,null,null,null,null,null,null,null
null,null,1998-04-23 00:00:00.000,1998-05-21 00:00:00.000,null,null,null,null,null,null,null
null,null,1998-04-24 00:00:00.000,1998-05-22 00:00:00.000,null,null,null,null,null,null,null
null,null,1998-04-24 00:00:00.000,1998-05-22 00:00:00.000,null,null,null,null,null,null,null
null,null,1998-04-24 00:00:00.000,1998-05-22 00:00:00.000,null,null,null,null,null,null,null
null,null,1998-04-27 00:00:00.000,1998-05-25 00:00:00.000,null,null,null,null,null,null,null
null,null,1998-04-27 00:00:00.000,1998-05-25 00:00:00.000,null,null,null,null,null,null,null
null,null,1998-04-27 00:00:00.000,1998-05-25 00:00:00.000,null,null,null,null,null,null,null
null,null,1998-04-27 00:00:00.000,1998-05-25 00:00:00.000,null,null,null,null,null,null,null
null,null,1998-04-28 00:00:00.000,1998-05-26 00:00:00.000,null,null,null,null,null,null,null
null,null,1998-04-28 00:00:00.000,1998-05-26 00:00:00.000,null,null,null,null,null,null,null
null,null,1998-04-28 00:00:00.000,1998-05-12 00:00:00.000,null,null,null,null,null,null,null
null,null,1998-04-29 00:00:00.000,1998-05-27 00:00:00.000,null,null,null,null,null,null,null
null,null,1998-04-29 00:00:00.000,1998-05-27 00:00:00.000,null,null,null,null,null,null,null
null,null,1998-04-29 00:00:00.000,1998-06-10 00:00:00.000,null,null,null,null,null,null,null
null,null,1998-04-30 00:00:00.000,1998-05-28 00:00:00.000,null,null,null,null,null,null,null
null,null,1998-04-30 00:00:00.000,1998-06-11 00:00:00.000,null,null,null,null,null,null,null
null,null,1998-04-30 00:00:00.000,1998-05-28 00:00:00.000,null,null,null,null,null,null,null
null,null,1998-04-30 00:00:00.000,1998-05-28 00:00:00.000,null,null,null,null,null,null,null
null,null,1998-05-01 00:00:00.000,1998-05-29 00:00:00.000,null,null,null,null,null,null,null
null,null,1998-05-01 00:00:00.000,1998-05-29 00:00:00.000,null,null,null,null,null,null,null
null,null,1998-05-01 00:00:00.000,1998-05-29 00:00:00.000,null,null,null,null,null,null,null
null,null,1998-05-04 00:00:00.000,1998-05-18 00:00:00.000,null,null,null,null,null,null,null
null,null,1998-05-04 00:00:00.000,1998-06-01 00:00:00.000,null,null,null,null,null,null,null
null,null,1998-05-04 00:00:00.000,1998-06-01 00:00:00.000,null,null,null,null,null,null,null
null,null,1998-05-05 00:00:00.000,1998-06-02 00:00:00.000,null,null,null,null,null,null,null
null,null,1998-05-05 00:00:00.000,1998-06-02 00:00:00.000,null,null,null,null,null,null,null
null,null,1998-05-05 00:00:00.000,1998-06-02 00:00:00.000,null,null,null,null,null,null,null
null,null,1998-05-05 00:00:00.000,1998-06-02 00:00:00.000,null,null,null,null,null,null,null
null,null,1998-05-06 00:00:00.000,1998-06-03 00:00:00.000,null,null,null,null,null,null,null
null,null,1998-05-06 00:00:00.000,1998-06-03 00:00:00.000,null,null,null,null,null,null,null
null,null,1998-05-06 00:00:00.000,1998-06-03 00:00:00.000,null,null,null,null,null,null,null
null,null,1998-05-06 00:00:00.000,1998-06-03 00:00:00.000,null,null,null,null,null,null,null